arrestee_id,incident_id,arrestee_seq_num,arrest_num,arrest_date,arrest_type_id,multiple_indicator,offense_type_id,age_id,age_num,sex_code,race_id,ethnicity_id,resident_code,under_18_disposition_code,clearance_ind,ff_line_number,age_range_low_num,age_range_high_num
19150143,68043070,1,13-002528,2013-10-10 00:00:00,2,C,39,5,15,M,1,2,N,R,,,,
19150075,68042179,1,A00000130244,2013-05-03 00:00:00,2,N,39,5,15,F,1,2,R,R,,,,
19150060,68042156,1,A00000129009,2013-02-04 00:00:00,2,N,39,5,17,M,1,2,R,R,,,,
19151154,68044060,1,A00000130076,2013-04-25 00:00:00,1,N,48,5,23,F,2,2,N,,,,,
19151309,68045849,1,A00000131372,2013-08-06 00:00:00,1,N,48,5,28,M,2,2,N,,,,,
19152280,68045897,1,A00000132733,2013-11-13 00:00:00,1,N,48,5,18,M,2,2,R,,,,,
19150155,68043102,1,A00000133917,2014-02-10 00:00:00,2,N,16,5,17,M,1,2,N,R,,,,
19150141,68043064,1,M0015,2013-12-03 00:00:00,2,N,16,5,48,F,1,2,N,,,,,
19150103,68043015,1,A00000133436,2013-12-07 00:00:00,2,N,16,5,37,M,1,2,R,,,,,
19150078,68042182,1,A00000130434,2013-05-01 00:00:00,2,N,45,5,18,M,1,3,R,,,,,
19150170,68043137,1,A00000133357,2013-12-28 00:00:00,2,N,45,5,19,F,1,3,N,,,,,
19151155,68044060,2,A00000130077,2013-04-25 00:00:00,1,M,48,5,20,F,1,2,N,,,,,
19151182,68044910,1,A00000133345,2014-01-02 00:00:00,1,N,48,5,35,M,1,2,R,,,,,
19151180,68044900,1,A00000133187,2013-12-18 00:00:00,1,N,48,5,23,M,1,2,N,,,,,
19151170,68044086,1,A00000133132,2013-12-10 00:00:00,1,N,48,5,28,M,1,2,N,,,,,
19151165,68044069,1,A00000131601,2013-08-22 00:00:00,1,M,48,5,21,M,1,3,N,,,,,
19152294,68045921,1,A00000133598,2013-12-05 00:00:00,2,N,47,5,19,M,2,3,R,,,,,
19150225,68044048,1,A00000133104,2013-12-08 00:00:00,1,N,23,5,21,M,1,2,R,,,,,
19150187,68043968,1,A00000133473,2013-12-30 00:00:00,1,N,23,5,18,F,1,2,N,,,,,
19151174,68044094,1,A00000133469,2013-12-28 00:00:00,1,N,23,5,34,F,1,2,N,,,,,
19151173,68044092,2,A00000133313,2013-12-24 00:00:00,1,M,23,5,20,F,1,2,N,,,,,
19151172,68044092,1,A00000133312,2013-12-24 00:00:00,1,N,23,5,27,M,1,2,N,,,,,
19151168,68044077,1,A00000132834,2013-11-18 00:00:00,1,N,23,5,18,M,1,2,N,,,,,
19151157,68044062,1,A00000130978,2013-07-01 00:00:00,1,N,23,5,18,F,1,2,N,,,,,
19152415,68046928,2,A00000133232,2013-12-20 00:00:00,1,N,23,5,29,M,1,2,N,,,,,
19152393,68046889,1,A00000133007,2014-03-21 00:00:00,1,N,23,5,18,M,1,2,N,,,,,
19153368,68047634,1,A00000133373,2013-12-30 00:00:00,1,N,23,5,29,F,1,2,R,,,,,
19150165,68043128,2,A00000133764,2014-01-23 00:00:00,2,N,23,5,50,M,1,2,N,,,,,
19150164,68043128,1,A00000133265,2013-12-04 00:00:00,2,N,23,5,36,F,1,2,N,,,,,
19150159,68043117,1,A00000134474,2014-03-03 00:00:00,2,N,23,5,34,M,1,2,N,,,,,
19150156,68043106,1,A00000135059,2014-04-30 00:00:00,2,N,23,5,31,M,1,2,N,,,,,
19152267,68045885,1,A00000132301,2013-10-15 00:00:00,2,N,23,5,26,M,1,2,R,,,,,
19152266,68045884,3,A00000132526,2013-10-13 00:00:00,2,N,23,5,17,F,1,2,R,R,,,,
19152265,68045884,2,A00000132525,2013-10-13 00:00:00,2,N,23,5,16,M,1,2,R,R,,,,
19152264,68045884,1,A00000132524,2013-10-13 00:00:00,2,N,23,5,15,F,1,2,R,R,,,,
19151282,68045033,2,A00000130727,2013-06-12 00:00:00,2,N,23,5,16,F,1,2,R,R,,,,
19151281,68045033,1,A00000130726,2013-06-12 00:00:00,2,N,23,5,13,F,1,2,R,H,,,,
19151251,68045004,1,A00000129818,2013-04-03 00:00:00,2,N,23,5,15,M,1,2,R,R,,,,
19150230,68044059,1,A00000129879,2013-04-12 00:00:00,2,N,23,5,51,F,1,2,N,,,,,
19150220,68044040,1,A00000133228,2013-11-19 00:00:00,2,N,23,5,30,F,1,2,N,,,,,
19150189,68043975,1,A00000134104,2014-02-21 00:00:00,2,N,23,5,23,M,1,2,R,,,,,
19150185,68043964,1,A00000134045,2014-02-14 00:00:00,2,N,23,5,41,F,1,2,R,,,,,
19150181,68043161,1,A00000134014,2014-02-18 00:00:00,2,N,23,5,28,M,1,2,N,,,,,
19151166,68044071,1,A00000132720,2013-10-03 00:00:00,2,N,23,5,29,F,1,2,N,,,,,
19152433,68047595,1,A-2212,2013-12-29 00:00:00,2,C,23,5,33,M,1,2,R,,,,,
19152425,68047577,1,A00000133073,2013-12-03 00:00:00,2,N,23,5,56,F,1,2,R,,,,,
19152419,68046940,1,A00000133559,2014-01-12 00:00:00,2,N,23,5,29,M,1,2,R,,,,,
19152406,68046913,3,A00000133384,2014-01-15 00:00:00,2,N,23,5,32,M,1,2,N,,,,,
19152401,68046905,1,A00000133276,2013-12-12 00:00:00,2,N,23,5,19,M,1,2,R,,,,,
19152400,68046900,1,A00000133801,2014-01-30 00:00:00,2,N,23,5,33,M,1,2,N,,,,,
19152396,68046889,4,A00000134420,2014-03-21 00:00:00,2,N,23,5,17,F,1,2,R,R,,,,
19152394,68046889,2,A00000133012,2014-03-21 00:00:00,2,N,23,5,20,M,1,2,N,,,,,
19152390,68046885,3,A00000134348,2014-03-16 00:00:00,2,N,23,5,17,F,1,2,R,H,,,,
19152388,68046885,1,A00000133008,2014-03-15 00:00:00,2,N,23,5,18,M,1,2,N,,,,,
19152369,68046854,1,A00000132845,2014-07-23 00:00:00,2,N,23,5,40,M,1,2,R,,,,,
19152368,68046854,2,A00000133071,2013-12-11 00:00:00,2,N,23,5,31,F,1,2,R,,,,,
19151319,68045865,1,A00000131716,2013-09-03 00:00:00,2,N,23,5,38,M,1,2,R,,,,,
19151315,68045859,1,A00000131660,2013-08-26 00:00:00,2,N,23,5,13,M,1,2,R,R,,,,
19151297,68045046,1,A00000130836,2013-06-25 00:00:00,2,N,23,5,18,M,1,2,R,,,,,
19151296,68045045,3,A00000130798,2013-06-22 00:00:00,2,N,23,5,12,F,1,2,R,R,,,,
19151295,68045045,2,A00000130797,2013-06-22 00:00:00,2,N,23,5,12,F,1,2,R,R,,,,
19151294,68045045,1,A00000130796,2013-06-22 00:00:00,2,N,23,5,12,F,1,2,R,R,,,,
19153371,68047639,1,A00000130039,2013-04-25 00:00:00,2,N,23,5,22,M,1,2,R,,,,,
19152326,68045983,1,A00000133615,2014-01-17 00:00:00,2,N,23,5,32,M,1,2,N,,,,,
19152325,68045982,1,A00000133614,2014-01-17 00:00:00,2,N,23,5,32,M,1,2,N,,,,,
19152324,68045978,1,AR2013-089,2013-12-20 00:00:00,2,C,23,5,32,M,1,2,R,,,,,
19152323,68045977,1,AR2013-086,2013-12-04 00:00:00,2,C,23,5,14,F,1,2,R,H,,,,
19152298,68045927,1,A00000133153,2013-12-17 00:00:00,2,N,23,5,15,F,1,2,R,H,,,,
19152293,68045920,1,A00000133549,2013-12-13 00:00:00,2,N,23,5,24,F,1,2,R,,,,,
19152279,68045896,1,A00000132710,2013-11-12 00:00:00,2,N,23,5,14,M,1,2,R,R,,,,
19152270,68045887,2,A00000132362,2013-10-19 00:00:00,2,N,23,5,11,M,2,2,R,H,,,,
19151252,68045004,2,A00000129819,2013-04-03 00:00:00,2,N,23,5,15,M,2,2,R,R,,,,
19150223,68044043,1,A00000133780,2014-01-29 00:00:00,2,N,23,5,27,M,2,2,R,,,,,
19151188,68044925,1,A00000132611,2013-10-05 00:00:00,2,N,23,5,15,F,2,2,R,R,,,,
19151162,68044065,1,A00000131023,2013-06-14 00:00:00,2,N,23,5,17,F,2,2,R,H,,,,
19152412,68046923,1,A00000133468,2014-01-06 00:00:00,2,N,23,5,23,M,2,2,R,,,,,
19151313,68045855,1,A00000131580,2013-07-28 00:00:00,2,N,23,5,46,M,2,2,R,,,,,
19150079,68042183,1,A00000130442,2013-05-26 00:00:00,3,N,22,5,41,M,1,2,R,,,,,
19151220,68044984,1,A00000129032,2013-02-05 00:00:00,3,N,22,5,28,M,1,2,R,,,,,
19152310,68045947,1,A00000133361,2013-12-30 00:00:00,3,N,22,5,26,M,1,2,N,,,,,
19150106,68043019,2,A00000132669,2013-10-31 00:00:00,2,N,51,5,16,M,1,2,R,H,,,,
19150105,68043019,1,A00000132530,2013-10-31 00:00:00,2,N,51,5,13,M,1,2,R,H,,,,
19150092,68042205,1,A00000132032,2013-09-20 00:00:00,2,N,51,5,45,M,1,2,R,,,,,
19150089,68042200,1,A00000131961,2013-09-20 00:00:00,2,N,51,5,45,M,1,2,R,,,,,
19150074,68042175,2,A00000130055,2013-04-26 00:00:00,2,N,51,5,53,M,1,2,R,,,,,
19150073,68042175,1,A00000130054,2013-04-26 00:00:00,2,N,51,5,17,M,1,2,R,H,,,,
19150069,68042170,1,A00000129710,2013-03-30 00:00:00,2,N,51,5,16,F,1,2,R,H,,,,
19150067,68042168,2,A00000129472,2013-02-13 00:00:00,2,N,51,5,14,F,1,2,R,H,,,,
19150058,68042154,2,A00000128794,2013-01-16 00:00:00,2,N,51,5,18,F,1,2,R,,,,,
19150056,68042152,1,A00000133545,2014-01-10 00:00:00,2,N,51,5,50,F,1,2,R,,,,,
19150055,68042151,1,A00000133168,2013-12-18 00:00:00,2,N,51,5,60,M,1,2,R,,,,,
19151261,68045013,1,A00000130029,2013-04-15 00:00:00,2,C,51,5,42,M,1,2,R,,,,,
19151248,68045001,1,A00000129619,2013-03-23 00:00:00,2,N,51,5,13,M,1,2,R,H,,,,
19151237,68044995,1,A00000129505,2013-02-21 00:00:00,2,N,51,5,15,M,1,2,R,H,,,,
19150209,68044016,1,A00000131505,2013-08-17 00:00:00,2,N,51,5,30,F,1,2,R,,,,,
19150207,68044010,1,A00000131097,2013-07-17 00:00:00,2,N,51,5,28,M,1,2,R,,,,,
19150198,68043993,1,20131200935,2013-12-23 00:00:00,2,N,51,5,53,M,1,2,N,,,,,
19150188,68043973,1,A00000134027,2014-02-12 00:00:00,2,N,51,5,23,M,1,2,N,,,,,
19151208,68044948,1,A00000133066,2013-12-06 00:00:00,2,N,51,5,21,M,1,2,R,,,,,
19152432,68047594,1,P9673407-2,2013-12-08 00:00:00,2,C,51,5,34,M,1,2,R,,,,,
19152431,68047593,1,P9673408-3,2013-12-08 00:00:00,2,C,51,5,33,F,1,2,R,,,,,
19152430,68047592,1,A00000133082,2013-12-09 00:00:00,2,N,51,5,25,M,1,2,R,,,,,
19152426,68047580,1,A00000133091,2013-12-12 00:00:00,2,N,51,5,57,F,1,2,R,,,,,
19152422,68047572,1,A00000133109,2013-12-14 00:00:00,2,N,51,5,45,F,1,2,R,,,,,
19152411,68046922,1,A00000133337,2014-01-09 00:00:00,2,N,51,5,29,F,1,2,R,,,,,
19152410,68046921,1,A00000133344,2013-12-28 00:00:00,2,N,51,5,13,M,1,2,R,R,,,,
19152409,68046920,2,A00000133185,2013-12-19 00:00:00,2,N,51,5,30,F,1,2,R,,,,,
19152408,68046920,1,A00000133184,2013-12-19 00:00:00,2,N,51,5,32,M,1,2,R,,,,,
19152387,68046884,2,A00000132998,2013-12-05 00:00:00,2,N,51,5,37,F,1,2,R,,,,,
19152386,68046884,1,A00000132997,2013-12-05 00:00:00,2,N,51,5,34,M,1,2,R,,,,,
19152384,68046880,1,A00000133021,2013-12-02 00:00:00,2,N,51,5,19,M,1,2,R,,,,,
19152381,68046866,2,A00000132873,2013-11-25 00:00:00,2,N,51,5,21,F,1,2,R,,,,,
19152380,68046866,1,A00000132871,2013-11-25 00:00:00,2,N,51,5,21,M,1,2,R,,,,,
19152360,68046831,2,A00000131709,2013-09-03 00:00:00,2,N,51,5,30,F,1,2,R,,,,,
19152352,68046817,2,A00000131287,2013-08-07 00:00:00,2,N,51,5,40,M,1,2,R,,,,,
19152349,68046814,2,A00000131116,2013-07-19 00:00:00,2,N,51,5,27,F,1,2,R,,,,,
19152340,68046792,2,A00000131424,2013-08-11 00:00:00,2,N,51,5,43,M,1,2,R,,,,,
19152339,68046792,1,A00000131423,2013-08-11 00:00:00,2,N,51,5,42,M,1,2,N,,,,,
19151316,68045861,1,A00000131682,2013-09-02 00:00:00,2,N,51,5,43,M,1,2,R,,,,,
19151304,68045843,1,A00000131100,2013-07-17 00:00:00,2,N,51,5,29,M,1,2,R,,,,,
19151301,68045050,1,A00000130957,2013-07-03 00:00:00,2,N,51,5,60,M,1,2,R,,,,,
19153372,68047640,1,A00000130238,2013-04-25 00:00:00,2,N,51,5,43,F,1,2,R,,,,,
19152309,68045946,1,A00000133314,2013-12-26 00:00:00,2,N,51,5,23,M,1,2,R,,,,,
19152308,68045945,1,A00000133308,2013-12-25 00:00:00,2,N,51,5,13,F,1,2,R,R,,,,
19152300,68045930,1,A00000133222,2013-12-08 00:00:00,2,N,51,5,15,M,1,2,R,R,,,,
19152299,68045928,1,A00000133160,2013-12-18 00:00:00,2,N,51,5,17,F,1,2,R,H,,,,
19152282,68045900,1,A00000132836,2013-11-22 00:00:00,2,N,51,5,36,M,1,2,R,,,,,
19150120,68043035,1,A00000131396,2013-08-08 00:00:00,2,N,48,5,51,M,2,2,R,,,,,
19151224,68044985,4,A00000134178,2013-02-06 00:00:00,2,N,48,5,17,M,2,2,R,R,,,,
19151201,68044936,1,A00000133022,2013-12-04 00:00:00,2,N,48,5,45,F,2,2,R,,,,,
19151185,68044921,3,A00000132572,2013-10-13 00:00:00,2,N,48,5,15,F,2,2,N,R,,,,
19151184,68044921,2,A00000132571,2013-10-13 00:00:00,2,N,48,5,13,F,2,2,R,R,,,,
19151183,68044921,1,A00000132570,2013-10-13 00:00:00,2,N,48,5,13,M,2,2,R,R,,,,
19151277,68045029,1,A00000130390,2013-05-22 00:00:00,2,N,48,5,16,M,1,2,R,H,,,,
19151236,68044994,3,A00000129590,2013-02-28 00:00:00,2,N,48,5,11,M,1,2,R,R,,,,
19151235,68044994,2,A00000129651,2013-02-28 00:00:00,2,N,48,5,14,M,1,2,R,R,,,,
19151234,68044994,1,A00000129654,2013-02-28 00:00:00,2,N,48,5,11,M,1,2,R,R,,,,
19151223,68044985,3,A00000134177,2013-02-06 00:00:00,2,N,48,5,16,M,1,2,R,R,,,,
19151222,68044985,2,A00000134176,2013-02-06 00:00:00,2,N,48,5,17,M,1,2,R,R,,,,
19151221,68044985,1,A00000134175,2013-02-06 00:00:00,2,N,48,5,18,M,1,2,R,,,,,
19151211,68044952,1,A00000131804,2013-09-09 00:00:00,2,N,48,5,28,F,1,2,R,,,,,
19151161,68044064,3,A00000134506,2014-03-25 00:00:00,2,N,48,5,18,M,1,2,N,,,,,
19151160,68044064,2,A00000134505,2014-03-25 00:00:00,2,N,48,5,21,M,1,2,N,,,,,
19151159,68044064,1,A00000134504,2014-03-25 00:00:00,2,N,48,5,30,M,1,2,N,,,,,
19152407,68046916,1,A00000133144,2013-12-17 00:00:00,2,N,48,5,19,M,1,2,R,,,,,
19152342,68046809,1,A00000131061,2013-07-11 00:00:00,2,N,48,5,30,M,1,2,U,,,,,
19151329,68045875,1,A00000132031,2013-09-20 00:00:00,2,N,48,5,26,F,1,2,R,,,,,
19151322,68045868,1,A00000133299,2013-08-21 00:00:00,2,N,48,5,22,M,1,2,N,,,,,
19151293,68045044,1,A00000131180,2013-05-29 00:00:00,2,N,48,5,15,M,1,2,R,R,,,,
19152319,68045971,1,A00000134378,2013-12-19 00:00:00,2,N,48,5,14,M,1,2,R,R,,,,
19152287,68045905,2,A00000133011,2013-12-06 00:00:00,2,N,48,5,18,M,1,2,R,,,,,
19150066,68042168,1,A00000129471,2013-02-13 00:00:00,2,N,51,5,14,F,1,1,R,H,,,,
19150061,68042157,1,A00000129083,2013-02-08 00:00:00,2,N,51,5,21,M,1,1,R,,,,,
19150196,68043991,1,20131200449,2013-12-10 00:00:00,2,N,51,5,37,M,1,1,N,,,,,
19152359,68046831,1,A00000131708,2013-09-03 00:00:00,2,N,51,5,27,M,1,1,R,,,,,
19150077,68042180,2,A00000130249,2013-05-05 00:00:00,2,N,51,5,21,F,1,3,R,,,,,
19150076,68042180,1,A00000130250,2013-05-05 00:00:00,2,N,51,5,18,M,1,3,R,,,,,
19152385,68046883,1,A00000132983,2013-12-03 00:00:00,3,N,23,5,18,M,0,2,R,,,,,
19151268,68045020,1,A00000130190,2013-05-06 00:00:00,1,N,51,5,26,M,2,2,R,,,,,
19151257,68045009,1,A00000129835,2013-04-09 00:00:00,1,N,51,5,19,M,1,2,R,,,,,
19151227,68044988,1,A00000129182,2013-02-16 00:00:00,1,N,51,5,12,M,1,2,R,R,,,,
19150212,68044025,1,A00000131939,2013-09-19 00:00:00,1,N,51,5,35,M,1,2,R,,,,,
19151205,68044945,1,A00000131288,2013-08-01 00:00:00,1,N,51,5,24,M,1,2,R,,,,,
19150205,68044006,1,A00000130476,2013-05-30 00:00:00,1,N,51,5,52,M,1,1,R,,,,,
19152277,68045894,2,A00000132660,2013-11-06 00:00:00,1,N,51,5,35,F,1,2,R,,,,,
19152276,68045894,1,A00000132659,2013-11-06 00:00:00,1,N,51,5,49,M,1,2,R,,,,,
19150204,68044004,1,A00000130015,2013-04-15 00:00:00,2,N,2,5,23,M,2,1,N,,,,,
19150137,68043059,1,A00000133486,2013-12-23 00:00:00,2,N,2,5,44,M,1,2,R,,,,,
19150231,68044059,2,A00000129881,2013-04-12 00:00:00,2,N,2,5,26,F,1,2,N,,,,,
19150179,68043154,1,A00000133531,2014-01-10 00:00:00,2,N,2,5,32,M,1,2,R,,,,,
19150191,68043981,1,A00000134850,2014-04-16 00:00:00,3,N,2,5,33,M,1,2,N,,,,,
19150167,68043131,1,A00000134807,2014-04-14 00:00:00,3,N,2,5,33,M,1,2,N,,,,,
19152395,68046889,3,A00000133024,2014-03-21 00:00:00,2,N,2,5,18,M,1,2,N,,,,,
19152333,68045998,1,A00000130960,2013-07-04 00:00:00,2,N,2,5,34,M,1,2,N,,,,,
19152311,68045948,1,A00000133363,2013-05-14 00:00:00,2,N,2,5,28,M,1,2,R,,,,,
19150224,68044046,2,A00000133019,2013-11-16 00:00:00,3,N,52,5,16,M,2,2,R,R,,,,
19152329,68045988,2,A00000129396,2013-03-09 00:00:00,3,N,53,5,21,M,1,2,R,,,,,
19152328,68045988,1,A00000129395,2013-03-09 00:00:00,3,N,53,5,18,M,1,2,R,,,,,
19151231,68044991,1,A00000129404,2013-02-22 00:00:00,2,N,56,5,13,M,1,2,R,H,,,,
19150087,68042197,2,A00000131771,2013-09-06 00:00:00,2,N,51,5,19,M,2,1,R,,,,,
19150063,68042159,1,A00000129095,2013-02-08 00:00:00,2,N,16,5,47,F,1,2,R,,,,,
19151284,68045036,1,A00000130784,2013-06-04 00:00:00,2,N,16,5,30,M,1,2,R,,,,,
19151267,68045019,1,A00000130187,2013-05-03 00:00:00,2,N,16,5,25,F,1,2,R,,,,,
19151262,68045014,1,A00000129951,2013-04-17 00:00:00,2,N,16,5,16,M,1,2,R,R,,,,
19150173,68043146,1,A00000133535,2014-01-08 00:00:00,2,N,16,5,22,M,1,2,N,,,,,
19150166,68043130,1,A00000135223,2014-11-29 00:00:00,2,N,16,5,18,M,1,2,N,,,,,
19151204,68044944,1,A00000131393,2013-07-26 00:00:00,2,N,16,5,29,M,1,2,R,,,,,
19150142,68043068,1,13-002519,2013-11-12 00:00:00,1,C,28,5,28,F,1,2,N,,,,,
19152258,68045880,1,A00000132101,2013-10-02 00:00:00,3,N,44,5,20,M,1,2,R,,,,,
19152286,68045905,1,A00000132996,2013-12-05 00:00:00,3,N,44,5,26,M,1,2,R,,,,,
19150104,68043016,1,A00000133471,2013-12-04 00:00:00,2,N,44,5,16,M,1,2,R,R,,,,
19151255,68045007,1,A00000129791,2013-04-06 00:00:00,2,N,44,5,42,M,1,2,N,,,,,
19151243,68044998,1,A00000129576,2013-03-21 00:00:00,2,N,44,5,15,F,1,2,R,R,,,,
19152362,68046844,1,A00000133428,2014-01-04 00:00:00,2,N,16,5,22,M,1,2,R,,,,,
19152356,68046829,1,A00000133317,2013-12-26 00:00:00,2,N,16,5,22,M,1,2,N,,,,,
19151303,68045052,1,A00000131001,2013-07-06 00:00:00,2,N,16,5,16,M,1,2,R,H,,,,
19152336,68046789,2,A00000131425,2013-08-24 00:00:00,2,N,16,5,19,M,1,2,R,,,,,
19152335,68046789,1,A00000131426,2013-08-19 00:00:00,2,N,16,5,17,M,1,2,R,R,,,,
19152322,68045975,1,AR2013-088,2013-12-13 00:00:00,2,C,16,5,32,M,1,2,R,,,,,
19152321,68045973,1,A00000137912,2014-11-18 00:00:00,2,N,16,5,27,M,1,2,R,,,,,
19152314,68045963,1,A00000133454,2013-09-14 00:00:00,2,N,16,5,29,M,1,2,R,,,,,
19152288,68045912,1,A00000133033,2013-12-08 00:00:00,2,N,16,5,29,M,1,2,R,,,,,
19152281,68045898,1,A00000132760,2013-11-15 00:00:00,2,N,16,5,16,F,1,2,R,R,,,,
19151317,68045862,1,A00000131693,2013-08-30 00:00:00,1,N,40,5,29,M,1,2,R,,,,,
19150171,68043141,1,A00000133730,2013-11-14 00:00:00,2,N,43,5,17,M,1,2,R,R,,,,
19151171,68044089,1,A00000133190,2013-12-18 00:00:00,3,N,41,5,22,F,3,2,N,,,,,
19152420,68046942,1,A00000135722,2014-06-18 00:00:00,2,N,41,5,36,M,1,2,R,,,,,
19150152,68043093,2,A00000133857,2014-01-30 00:00:00,2,N,14,5,18,M,2,2,R,,,,,
19151200,68044935,3,A00000133257,2013-12-05 00:00:00,2,N,14,5,13,M,2,2,N,R,,,,
19151199,68044935,2,A00000133256,2013-12-05 00:00:00,2,N,14,5,12,M,2,2,N,R,,,,
19150144,68043071,1,13-002567,2013-10-15 00:00:00,1,C,13,5,35,M,1,2,R,,,,,
19152313,68045962,1,A00000133385,2013-12-31 00:00:00,1,N,22,5,30,M,1,1,R,,,,,
19152301,68045935,1,A00000133234,2013-12-20 00:00:00,1,N,22,5,21,M,1,1,R,,,,,
19151216,68044981,1,A00000128716,2013-01-12 00:00:00,3,N,51,5,51,F,1,2,R,,,,,
19150175,68043147,1,20131101219,2014-04-09 00:00:00,3,C,49,5,52,M,1,1,N,,,,,
19150147,68043086,1,A00000130736,2013-06-14 00:00:00,1,N,16,5,25,M,1,2,N,,,,,
19150140,68043062,1,M0012,2013-12-01 00:00:00,1,N,16,5,33,M,1,2,N,,,,,
19150116,68043032,1,A00000131058,2013-07-12 00:00:00,1,N,16,5,58,M,1,2,R,,,,,
19150153,68043097,1,A00000139239,2014-11-17 00:00:00,3,N,23,5,52,M,2,2,N,,,,,
19151156,68044060,3,A00000130086,2013-04-25 00:00:00,3,N,23,5,48,M,2,2,N,,,,,
19153358,68047600,1,A00000131895,2013-09-16 00:00:00,3,N,23,5,47,M,2,2,R,,,,,
19152269,68045887,1,A00000132361,2013-10-19 00:00:00,2,N,23,5,13,M,2,3,R,H,,,,
19151196,68044932,1,A00000132963,2013-12-01 00:00:00,3,N,16,5,26,M,1,1,R,,,,,
19151195,68044928,3,A00000133203,2013-12-20 00:00:00,3,N,45,5,13,M,2,2,N,R,,,,
19151194,68044928,2,A00000133202,2013-12-20 00:00:00,3,N,45,5,12,M,2,2,N,R,,,,
19151193,68044928,1,A00000133201,2013-12-20 00:00:00,3,N,45,5,18,M,2,2,N,,,,,
19152434,68047596,1,A-2210,2013-12-22 00:00:00,3,C,16,5,23,M,1,2,R,,,,,
19151331,68045876,2,A00000132052,2013-09-28 00:00:00,3,N,16,5,48,M,1,2,R,,,,,
19151330,68045876,1,A00000132051,2013-09-28 00:00:00,3,N,16,5,39,M,1,2,R,,,,,
19152290,68045915,1,A00000133076,2013-12-06 00:00:00,3,N,16,5,28,M,1,2,R,,,,,
19152285,68045903,1,A00000132982,2013-12-02 00:00:00,3,N,16,5,39,M,1,2,N,,,,,
19152274,68045892,1,A00000132425,2013-10-09 00:00:00,3,N,16,5,44,F,1,2,R,,,,,
19151287,68045038,2,A00000130712,2013-06-17 00:00:00,3,N,43,5,20,M,1,2,R,,,,,
19151286,68045038,1,A00000130697,2013-06-17 00:00:00,3,N,43,5,28,M,1,2,R,,,,,
19150128,68043040,1,A00000133550,2013-11-05 00:00:00,3,N,16,5,53,M,1,2,R,,,,,
19150222,68044042,1,A00000132975,2013-12-02 00:00:00,3,N,16,5,20,M,1,2,R,,,,,
19150217,68044034,1,A00000132407,2013-10-24 00:00:00,3,N,16,5,20,M,1,2,R,,,,,
19150211,68044023,1,A00000131724,2013-09-04 00:00:00,3,N,16,5,21,M,1,2,R,,,,,
19150183,68043166,1,A00000133237,2013-12-19 00:00:00,3,N,16,5,27,M,1,2,N,,,,,
19150174,68043146,2,A00000134893,2014-04-19 00:00:00,3,N,16,5,21,M,1,2,N,,,,,
19153364,68047617,1,A00000133093,2013-12-13 00:00:00,3,N,16,5,41,M,2,2,R,,,,,
19150218,68044037,1,A00000133284,2013-11-05 00:00:00,1,N,22,5,35,M,1,2,R,,,,,
19152330,68045988,3,A00000129397,2013-03-09 00:00:00,3,N,53,5,17,M,2,2,R,H,,,,
19152312,68045954,1,A00000133374,2013-12-30 00:00:00,1,N,53,5,20,F,2,2,R,,,,,
19152404,68046913,1,A00000133118,2014-01-15 00:00:00,3,N,23,5,35,M,1,3,N,,,,,
19151325,68045871,1,A00000131931,2013-09-19 00:00:00,2,N,22,5,19,M,1,2,R,,,,,
19152289,68045913,1,A00000133081,2013-12-08 00:00:00,2,N,22,5,20,M,1,2,R,,,,,
19152272,68045889,1,A00000132417,2013-10-23 00:00:00,2,N,47,5,18,M,1,2,R,,,,,
19150099,68042217,1,A00000133151,2013-12-16 00:00:00,2,N,47,5,31,M,1,2,R,,,,,
19150093,68042206,1,A00000132699,2013-09-28 00:00:00,2,N,47,5,27,F,1,2,R,,,,,
19150178,68043153,1,A00000136122,2014-07-15 00:00:00,2,N,47,5,49,M,1,2,R,,,,,
19152383,68046871,1,A00000132886,2013-11-26 00:00:00,2,N,47,5,32,M,1,2,R,,,,,
19152382,68046870,1,A00000132802,2013-12-30 00:00:00,2,N,47,5,20,M,1,2,R,,,,,
19152365,68046846,1,A00000133107,2014-01-19 00:00:00,2,N,47,5,21,M,1,2,R,,,,,
19152361,68046833,1,A00000132133,2013-10-08 00:00:00,2,N,47,5,33,F,1,2,R,,,,,
19151299,68045048,1,A00000130887,2013-05-27 00:00:00,2,N,47,5,20,M,1,2,R,,,,,
19152307,68045944,1,A00000133307,2013-12-25 00:00:00,2,N,47,5,13,M,1,2,R,R,,,,
19152304,68045939,1,A00000133275,2013-12-06 00:00:00,2,N,47,5,13,M,1,2,R,R,,,,
19152295,68045922,1,A00000133290,2013-12-13 00:00:00,2,N,47,5,13,M,1,2,R,R,,,,
19152331,68045991,1,A00000130030,2013-04-24 00:00:00,2,N,47,5,38,M,1,2,R,,,,,
19152338,68046791,1,A00000130694,2013-03-01 00:00:00,2,N,46,5,29,F,1,2,N,,,,,
19152316,68045968,1,A00000135303,2013-12-03 00:00:00,2,N,20,5,15,M,1,1,R,R,,,,
19151311,68045850,2,A00000131387,2013-08-07 00:00:00,2,N,20,5,14,M,1,2,R,R,,,,
19151310,68045850,1,A00000131386,2013-08-07 00:00:00,2,N,20,5,15,M,1,2,R,R,,,,
19150129,68043041,2,A00000132803,2013-11-05 00:00:00,1,N,49,5,21,M,2,2,R,,,,,
19150126,68043039,2,A00000133502,2013-08-28 00:00:00,1,N,49,5,21,M,2,2,R,,,,,
19152257,68045879,2,A00000132086,2013-09-30 00:00:00,3,N,51,5,22,M,2,2,R,,,,,
19151275,68045027,1,A00000130348,2013-05-17 00:00:00,3,N,51,5,13,M,2,2,R,R,,,,
19151228,68044989,1,A00000129265,2013-02-24 00:00:00,3,N,51,5,22,M,2,2,N,,,,,
19151213,68044973,1,A00000133419,2013-09-19 00:00:00,3,N,51,5,18,M,2,2,N,,,,,
19152260,68045881,2,A00000132108,2013-10-02 00:00:00,3,N,51,5,55,M,1,2,R,,,,,
19152259,68045881,1,A00000132109,2013-10-02 00:00:00,3,N,51,5,21,M,1,2,R,,,,,
19151283,68045035,1,A00000130685,2013-06-16 00:00:00,3,N,51,5,36,M,1,2,R,,,,,
19151278,68045030,1,A00000130462,2013-05-29 00:00:00,3,N,51,5,26,M,1,2,R,,,,,
19151274,68045026,1,A00000130313,2013-05-16 00:00:00,3,N,51,5,43,M,1,2,R,,,,,
19151273,68045025,1,A00000130270,2013-05-11 00:00:00,3,N,51,5,41,M,1,2,R,,,,,
19151272,68045024,1,A00000130267,2013-05-11 00:00:00,3,N,51,5,24,F,1,2,R,,,,,
19151230,68044990,2,A00000129276,2013-02-25 00:00:00,3,N,51,5,25,F,1,2,R,,,,,
19151229,68044990,1,A00000129275,2013-02-25 00:00:00,3,N,51,5,25,M,1,2,R,,,,,
19151226,68044987,1,A00000129090,2013-02-08 00:00:00,3,N,51,5,54,M,1,2,R,,,,,
19151225,68044986,1,A00000129084,2013-02-07 00:00:00,3,N,51,5,15,M,1,2,R,H,,,,
19150219,68044038,1,A00000132851,2013-11-14 00:00:00,3,N,51,5,28,M,1,2,R,,,,,
19150172,68043142,1,A00000132813,2013-11-19 00:00:00,3,N,51,5,22,F,1,2,R,,,,,
19151218,68044982,1,A00000129008,2013-02-04 00:00:00,3,N,51,5,26,F,1,2,R,,,,,
19151217,68044981,2,A00000128717,2013-01-12 00:00:00,3,N,51,5,46,M,1,2,R,,,,,
19151215,68044980,2,A00000128710,2013-01-12 00:00:00,3,N,51,5,19,F,1,2,R,,,,,
19151214,68044980,1,A00000128709,2013-01-12 00:00:00,3,N,51,5,21,M,1,2,R,,,,,
19151189,68044926,1,A00000134024,2014-01-04 00:00:00,3,N,51,5,30,M,1,2,R,,,,,
19151169,68044082,1,A00000133070,2013-12-10 00:00:00,3,N,51,5,34,M,1,2,R,,,,,
19150086,68042197,1,A00000131770,2013-09-06 00:00:00,2,N,51,5,15,F,2,2,R,H,,,,
19151259,68045011,1,A00000129865,2013-04-11 00:00:00,2,N,51,5,14,F,2,2,R,R,,,,
19151253,68045005,1,A00000129753,2013-03-30 00:00:00,2,N,51,5,12,M,2,2,R,R,,,,
19150197,68043992,1,20131200663,2013-12-17 00:00:00,2,N,51,5,25,M,2,2,N,,,,,
19151207,68044947,1,A00000132496,2013-10-28 00:00:00,2,N,51,5,24,M,2,2,R,,,,,
19150101,68042219,1,A00000133381,2013-12-31 00:00:00,3,N,51,5,52,M,1,2,R,,,,,
19150095,68042210,1,A00000132376,2013-10-21 00:00:00,3,N,51,5,19,M,1,2,R,,,,,
19150090,68042200,2,A00000131962,2013-09-20 00:00:00,3,N,51,5,19,M,1,2,R,,,,,
19150068,68042169,1,A00000129478,2013-03-15 00:00:00,3,N,51,5,46,M,1,2,R,,,,,
19150158,68043116,1,A00000132716,2013-11-11 00:00:00,2,N,16,5,22,F,2,3,N,,,,,
19151305,68045844,1,A00000131107,2013-07-18 00:00:00,3,N,51,5,31,M,2,2,R,,,,,
19153363,68047615,1,A00000133080,2013-12-11 00:00:00,3,M,51,5,44,M,2,2,N,,,,,
19153359,68047601,1,A00000133627,2014-01-18 00:00:00,3,N,51,5,22,M,2,2,U,,,,,
19150118,68043034,1,A00000132164,2013-10-08 00:00:00,3,N,49,5,18,M,1,2,R,,,,,
19151250,68045003,1,A00000129639,2013-03-25 00:00:00,3,N,49,5,19,F,1,2,R,,,,,
19150072,68042173,3,A00000129892,2013-03-03 00:00:00,2,N,53,5,18,M,1,1,R,,,,,
19150071,68042173,2,A00000129891,2013-03-03 00:00:00,2,N,53,5,18,M,1,1,R,,,,,
19150070,68042173,1,A00000129890,2013-03-03 00:00:00,2,N,53,5,17,M,1,1,R,H,,,,
19152351,68046817,1,A00000131286,2013-07-31 00:00:00,3,N,51,5,26,F,1,2,R,,,,,
19152348,68046814,1,A00000131115,2013-07-19 00:00:00,3,N,51,5,29,M,1,2,R,,,,,
19151328,68045874,1,A00000132014,2013-09-25 00:00:00,3,N,51,5,52,M,1,2,R,,,,,
19151326,68045872,1,A00000131945,2013-09-19 00:00:00,3,N,51,5,45,F,1,2,R,,,,,
19151324,68045870,2,A00000131860,2013-09-13 00:00:00,3,N,51,5,23,F,1,2,R,,,,,
19151323,68045870,1,A00000131859,2013-09-13 00:00:00,3,N,51,5,26,M,1,2,R,,,,,
19151321,68045867,1,A00000131798,2013-09-08 00:00:00,3,N,51,5,37,F,1,2,R,,,,,
19151318,68045863,1,A00000131698,2013-09-03 00:00:00,3,N,51,5,49,M,1,2,R,,,,,
19151308,68045848,1,A00000131321,2013-08-03 00:00:00,3,N,51,5,28,M,1,2,R,,,,,
19151307,68045847,1,A00000131246,2013-07-29 00:00:00,3,N,51,5,24,F,1,2,R,,,,,
19151300,68045049,1,A00000130916,2013-07-01 00:00:00,3,N,51,5,27,M,1,2,R,,,,,
19151298,68045047,1,A00000130848,2013-06-25 00:00:00,3,N,51,5,29,F,1,2,R,,,,,
19153373,68047641,1,A00000131967,2013-09-21 00:00:00,3,N,51,5,32,M,1,2,R,,,,,
19153369,68047635,1,A00000133390,2013-12-31 00:00:00,3,N,51,5,23,M,1,2,N,,,,,
19150176,68043150,1,A00000134724,2014-04-09 00:00:00,2,N,34,5,52,M,1,1,N,,,,,
19150186,68043966,1,A00000133423,2013-12-31 00:00:00,1,N,35,5,21,M,2,2,N,,,,,
19151249,68045002,1,A00000129624,2013-03-24 00:00:00,3,N,51,5,32,M,1,1,U,,,,,
19150169,68043134,1,A00000137729,2014-09-20 00:00:00,3,N,51,5,31,M,1,1,N,,,,,
19151209,68044949,1,A00000133054,2013-12-09 00:00:00,3,N,51,5,24,M,1,1,R,,,,,
19151327,68045873,1,A00000131968,2013-09-21 00:00:00,3,N,51,5,17,M,1,1,R,R,,,,
19151187,68044923,1,A00000133635,2013-10-16 00:00:00,2,N,16,5,24,F,2,2,R,,,,,
19150117,68043033,1,A00000131130,2013-10-22 00:00:00,2,N,16,5,18,F,2,2,R,,,,,
19153366,68047626,1,A00000133172,2013-12-19 00:00:00,1,N,44,5,23,M,2,2,R,,,,,
19152256,68045879,1,A00000132084,2013-09-30 00:00:00,3,N,44,5,45,F,2,2,R,,,,,
19151241,68044997,3,A00000129551,2013-03-18 00:00:00,3,N,40,5,12,M,1,2,R,R,,,,
19151240,68044997,2,A00000129628,2013-03-18 00:00:00,3,N,40,5,11,M,1,2,R,H,,,,
19151239,68044997,1,A00000129531,2013-03-18 00:00:00,3,N,40,5,18,M,1,2,R,,,,,
19150091,68042204,1,A00000132027,2013-04-11 00:00:00,2,N,44,5,15,M,2,2,R,H,,,,
19152428,68047583,1,A00000133288,2013-12-20 00:00:00,1,N,42,5,19,M,1,2,R,,,,,
19151289,68045041,1,A00000130757,2013-04-09 00:00:00,1,N,42,5,16,M,1,2,R,R,,,,
19150149,68043090,1,A00000131041,2013-07-09 00:00:00,3,N,45,5,19,M,1,2,N,,,,,
19150107,68043020,1,A00000135516,2014-04-29 00:00:00,3,N,45,5,22,M,1,2,R,,,,,
19151258,68045010,1,A00000129848,2013-04-10 00:00:00,3,N,45,5,13,M,1,2,R,R,,,,
19150216,68044033,1,A00000132447,2013-10-22 00:00:00,3,N,45,5,24,M,1,2,R,,,,,
19152397,68046894,1,A00000136186,2013-12-07 00:00:00,2,N,28,5,22,M,1,2,R,,,,,
19152424,68047576,2,A00000133596,2014-01-16 00:00:00,2,N,34,5,17,M,2,2,R,R,,,,
19152423,68047576,1,A00000133595,2014-01-16 00:00:00,2,N,34,5,15,M,2,2,R,R,,,,
19151306,68045846,1,A00000131202,2013-07-26 00:00:00,2,N,35,5,14,M,2,1,R,R,,,,
19150100,68042218,1,A00000133352,2013-12-28 00:00:00,3,N,10,5,42,M,1,2,R,,,,,
19152398,68046896,1,A00000133030,2013-12-28 00:00:00,3,N,10,5,51,M,1,2,R,,,,,
19152350,68046815,1,A00000131203,2013-07-26 00:00:00,3,N,10,5,27,M,1,2,R,,,,,
19151291,68045043,1,A00000130782,2013-04-17 00:00:00,3,N,10,5,27,F,1,2,R,,,,,
19150210,68044022,1,A00000131645,2013-08-28 00:00:00,3,N,11,5,39,M,1,2,R,,,,,
19150162,68043124,1,A00000133537,2014-01-09 00:00:00,2,N,11,5,30,M,1,2,N,,,,,
19150199,68043999,1,A00000130033,2013-03-28 00:00:00,2,N,11,5,21,M,1,2,R,,,,,
19150184,68043169,1,A00000133370,2013-12-30 00:00:00,2,N,11,5,39,F,1,2,N,,,,,
19151177,68044105,1,A00000134312,2014-03-13 00:00:00,2,N,11,5,20,F,1,2,R,,,,,
19150110,68043023,2,A00000131839,2013-03-23 00:00:00,2,N,28,5,21,M,2,2,N,,,,,
19150109,68043023,1,A00000131837,2013-03-23 00:00:00,2,N,28,5,23,M,2,2,N,,,,,
19152399,68046897,4,A00000133849,2014-02-03 00:00:00,2,N,28,5,17,F,1,2,R,R,,,,
19152392,68046888,3,A00000133439,2014-01-04 00:00:00,2,N,28,5,24,M,1,2,R,,,,,
19152391,68046888,2,A00000133438,2014-01-04 00:00:00,2,N,28,5,23,F,1,2,R,,,,,
19152374,68046859,4,A00000133674,2014-01-22 00:00:00,2,N,28,5,22,M,1,2,R,,,,,
19152373,68046859,3,A00000133673,2014-01-22 00:00:00,2,N,28,5,23,M,1,2,R,,,,,
19152372,68046859,2,A00000133672,2014-01-22 00:00:00,2,N,28,5,23,F,1,2,R,,,,,
19152371,68046859,1,A00000133671,2014-01-22 00:00:00,2,N,28,5,31,M,1,2,R,,,,,
19151202,68044941,1,A00000133322,2013-12-26 00:00:00,3,N,27,5,28,M,2,2,R,,,,,
19151198,68044935,1,A00000133255,2013-12-05 00:00:00,3,N,14,5,18,M,2,2,N,,,,,
19151158,68044063,1,A00000129480,2013-03-11 00:00:00,1,N,23,5,19,M,2,2,N,,,,,
19152414,68046928,1,A00000133231,2013-12-20 00:00:00,1,N,23,5,40,M,2,2,N,,,,,
19153362,68047610,1,A00000133016,2013-12-06 00:00:00,1,N,23,5,13,M,2,2,R,H,,,,
19150160,68043122,1,A00000134113,2014-02-21 00:00:00,2,N,35,5,19,M,1,2,R,,,,,
19150138,68043060,1,A00000133491,2013-12-27 00:00:00,2,N,35,5,32,M,1,2,R,,,,,
19150114,68043029,1,A00000130687,2013-03-06 00:00:00,2,N,35,5,19,M,1,2,R,,,,,
19150102,68042220,1,A00000133418,2013-12-17 00:00:00,2,N,35,5,16,M,1,2,R,H,,,,
19151271,68045023,1,A00000130265,2013-05-10 00:00:00,2,N,35,5,15,M,1,2,R,R,,,,
19150213,68044028,1,A00000132110,2013-09-28 00:00:00,2,N,35,5,24,M,1,2,R,,,,,
19150200,68043999,2,A00000130034,2013-03-28 00:00:00,2,N,35,5,21,M,1,2,R,,,,,
19151206,68044946,1,A00000132413,2013-10-02 00:00:00,2,N,35,5,29,M,1,2,R,,,,,
19150202,68044001,1,A00000129869,2013-04-12 00:00:00,3,N,39,5,25,M,1,2,R,,,,,
19153370,68047636,1,A00000133393,2013-12-28 00:00:00,3,N,34,5,24,M,2,2,N,,,,,
19150182,68043163,1,A00000134605,2014-03-28 00:00:00,3,N,34,5,34,M,0,1,N,,,,,
19151233,68044993,1,A00000131029,2013-03-09 00:00:00,2,N,34,5,20,M,1,2,R,,,,,
19151176,68044104,1,A00000134916,2014-03-06 00:00:00,2,N,34,5,23,M,1,2,N,,,,,
19152427,68047581,1,A00000133189,2014-01-06 00:00:00,2,N,34,5,23,F,1,2,R,,,,,
19152413,68046924,1,A00000133196,2013-12-20 00:00:00,2,N,34,5,49,F,1,2,R,,,,,
19152341,68046794,1,A00000130884,2013-07-01 00:00:00,2,N,34,5,37,F,1,2,R,,,,,
19152332,68045995,1,A00000130258,2013-05-11 00:00:00,2,N,34,5,17,M,1,2,N,H,,,,
19150084,68042188,1,A00000130934,2013-07-01 00:00:00,1,N,34,5,22,M,1,2,R,,,,,
19152262,68045882,2,A00000132198,2014-02-26 00:00:00,1,N,34,5,28,M,1,2,R,,,,,
19152261,68045882,1,A00000132197,2013-10-09 00:00:00,1,N,34,5,27,F,1,2,R,,,,,
19150208,68044015,1,A00000131450,2013-08-14 00:00:00,1,N,34,5,25,M,1,2,N,,,,,
19152418,68046929,3,A00000134889,2014-04-21 00:00:00,2,N,35,5,18,M,1,2,R,,,,,
19152417,68046929,2,A00000134888,2014-04-21 00:00:00,2,N,35,5,20,F,1,2,R,,,,,
19152416,68046929,1,A00000134887,2014-04-21 00:00:00,2,N,35,5,18,F,1,2,R,,,,,
19152376,68046861,2,A00000132774,2013-12-27 00:00:00,2,N,35,5,20,M,1,2,N,,,,,
19152366,68046848,1,A00000133750,2014-01-27 00:00:00,2,N,35,5,22,M,1,2,R,,,,,
19151312,68045852,1,A00000131536,2013-08-15 00:00:00,2,N,35,5,21,M,1,2,R,,,,,
19151290,68045042,1,A00000130771,2013-06-17 00:00:00,2,N,35,5,28,M,1,2,R,,,,,
19152327,68045984,1,A00000129617,2013-03-24 00:00:00,2,N,35,5,47,M,1,2,R,,,,,
19152306,68045943,1,A00000133306,2013-12-25 00:00:00,2,N,35,5,31,M,1,2,R,,,,,
19152303,68045938,1,A00000133269,2013-11-09 00:00:00,2,N,35,5,25,M,1,2,R,,,,,
19152291,68045915,2,A00000133990,2013-12-06 00:00:00,2,N,35,5,23,M,1,2,N,,,,,
19152283,68045901,1,A00000133270,2013-11-23 00:00:00,2,N,35,5,24,M,1,2,R,,,,,
19152278,68045895,1,A00000132667,2013-11-07 00:00:00,2,N,35,5,15,M,1,2,R,H,,,,
19152334,68045998,2,A00000130961,2013-07-04 00:00:00,2,N,39,5,40,F,1,2,N,,,,,
19152297,68045925,1,A00000133129,2013-12-16 00:00:00,2,N,39,5,9,M,1,2,R,R,,,,
19152275,68045893,1,A00000132443,2013-10-17 00:00:00,2,N,39,5,13,M,1,2,R,R,,,,
19152379,68046863,1,A00000132729,2013-11-13 00:00:00,1,N,48,5,26,F,1,2,R,,,,,
19150150,68043090,2,A00000134313,2013-07-19 00:00:00,2,N,45,5,17,M,1,2,N,R,,,,
19150094,68042207,1,A00000132732,2013-10-01 00:00:00,2,N,45,5,15,F,1,2,R,R,,,,
19150080,68042184,1,A00000130443,2013-05-20 00:00:00,2,N,45,5,13,M,1,2,R,R,,,,
19151232,68044992,1,A00000129465,2013-03-14 00:00:00,2,N,35,5,29,M,1,1,R,,,,,
19151203,68044943,1,A00000133355,2013-12-28 00:00:00,3,N,35,5,30,M,1,2,R,,,,,
19152402,68046910,1,A00000135880,2013-12-13 00:00:00,2,N,45,5,22,M,1,2,R,,,,,
19152367,68046849,1,A00000133568,2014-01-13 00:00:00,2,N,45,5,53,M,1,2,R,,,,,
19152358,68046830,2,A00000133457,2014-01-06 00:00:00,2,N,45,5,36,M,1,2,R,,,,,
19152357,68046830,1,A00000133456,2014-01-06 00:00:00,2,N,45,5,41,M,1,2,R,,,,,
19152353,68046820,1,A00000131568,2013-08-15 00:00:00,2,N,45,5,45,M,1,2,R,,,,,
19152347,68046813,1,A00000131230,2013-07-17 00:00:00,2,N,45,5,24,M,1,2,N,,,,,
19152337,68046790,1,A00000130399,2013-05-13 00:00:00,2,N,45,5,36,M,1,2,R,,,,,
19151332,68045877,1,A00000132058,2013-09-29 00:00:00,2,N,45,5,22,M,1,2,R,,,,,
19151288,68045039,1,A00000130983,2013-06-04 00:00:00,2,N,45,5,30,M,1,2,R,,,,,
19152296,68045924,1,A00000133119,2014-02-28 00:00:00,2,N,45,5,29,M,1,2,R,,,,,
19150163,68043126,1,A00000133323,2013-12-02 00:00:00,2,N,48,5,38,F,1,2,N,,,,,
19150154,68043100,1,A00000134977,2013-07-29 00:00:00,3,N,48,5,36,F,1,2,N,,,,,
19150130,68043044,1,A00000134071,2013-11-24 00:00:00,3,N,48,5,50,M,1,2,R,,,,,
19150083,68042186,3,A00000130855,2013-06-03 00:00:00,3,N,48,5,21,M,1,2,R,,,,,
19150082,68042186,2,A00000130794,2013-06-03 00:00:00,3,N,48,5,23,M,1,2,R,,,,,
19150081,68042186,1,A00000130795,2013-06-03 00:00:00,3,N,48,5,21,M,1,2,R,,,,,
19151256,68045008,1,A00000129806,2013-04-07 00:00:00,3,N,48,5,20,F,1,2,R,,,,,
19152403,68046911,1,A00000133108,2013-12-15 00:00:00,3,N,48,5,22,M,1,2,R,,,,,
19152315,68045966,1,A00000133593,2014-01-15 00:00:00,3,N,48,5,40,M,1,2,R,,,,,
19152284,68045902,1,A00000132969,2013-12-01 00:00:00,3,N,48,5,24,M,1,2,R,,,,,
19151279,68045031,1,A00000130510,2013-04-19 00:00:00,2,N,45,5,22,F,1,2,R,,,,,
19151270,68045022,1,A00000130224,2013-05-08 00:00:00,2,N,45,5,20,M,1,2,R,,,,,
19151269,68045021,1,A00000130335,2013-05-06 00:00:00,2,N,45,5,33,M,1,2,R,,,,,
19151266,68045018,1,A00000131388,2013-08-07 00:00:00,2,N,45,5,27,M,1,2,R,,,,,
19151264,68045016,1,A00000130036,2013-04-24 00:00:00,2,N,45,5,25,F,1,2,R,,,,,
19151247,68045000,1,A00000130853,2013-03-20 00:00:00,2,N,45,5,19,M,1,2,R,,,,,
19150214,68044029,1,A00000132160,2013-10-05 00:00:00,2,N,45,5,25,M,1,2,N,,,,,
19150194,68043983,3,A00000135326,2014-05-21 00:00:00,2,N,45,5,28,M,1,2,N,,,,,
19150193,68043983,1,A00000135325,2014-05-21 00:00:00,2,N,45,5,23,F,1,2,N,,,,,
19150192,68043983,2,A00000135233,2014-05-14 00:00:00,2,N,45,5,27,F,1,2,N,,,,,
19150190,68043977,1,A00000133937,2014-02-06 00:00:00,2,N,45,5,42,F,1,2,R,,,,,
19151175,68044097,1,A00000135625,2013-12-13 00:00:00,2,N,45,5,39,M,1,2,N,,,,,
19152354,68046824,1,A00000131571,2013-08-22 00:00:00,3,N,16,5,20,M,1,1,R,,,,,
19152378,68046862,2,A00000133611,2014-01-17 00:00:00,2,N,16,5,27,M,2,2,N,,,,,
19152377,68046862,1,A00000133610,2014-01-17 00:00:00,2,N,16,5,25,M,2,2,N,,,,,
19150146,68043076,1,13-002752,2013-11-30 00:00:00,1,C,49,5,28,F,1,2,N,,,,,
19150127,68043039,3,A00000133503,2013-08-28 00:00:00,1,N,49,5,18,M,1,2,R,,,,,
19150119,68043034,2,A00000132165,2013-10-08 00:00:00,1,N,49,5,18,M,1,2,R,,,,,
19150113,68043026,1,A00000132933,2013-04-24 00:00:00,1,N,49,5,18,M,1,2,R,,,,,
19150145,68043074,1,13-002724,2013-11-15 00:00:00,2,C,49,5,28,F,1,2,N,,,,,
19150125,68043039,1,A00000133501,2013-08-28 00:00:00,2,N,49,5,20,M,1,2,R,,,,,
19150124,68043038,1,A00000133509,2013-04-03 00:00:00,2,N,49,5,18,M,1,2,R,,,,,
19150122,68043036,2,A00000133505,2013-08-22 00:00:00,2,N,49,5,18,M,1,2,R,,,,,
19150121,68043036,1,A00000133504,2013-08-22 00:00:00,2,N,49,5,20,M,1,2,R,,,,,
19150112,68043025,1,A00000133510,2013-04-03 00:00:00,2,N,49,5,18,M,1,2,R,,,,,
19150111,68043024,1,A00000133507,2013-04-03 00:00:00,2,C,49,5,18,M,1,2,R,,,,,
19150108,68043022,1,A00000129368,2013-07-20 00:00:00,2,M,49,5,27,M,1,2,R,,,,,
19151320,68045866,1,A00000131803,2013-09-07 00:00:00,2,N,49,5,31,M,1,2,N,,,,,
19151292,68045043,2,A00000130785,2013-04-17 00:00:00,2,N,16,5,14,M,1,1,R,R,,,,
19151285,68045037,1,A00000130783,2013-06-09 00:00:00,2,N,52,5,11,M,1,2,R,R,,,,
19152370,68046855,1,A00000132548,2013-11-14 00:00:00,2,N,52,5,20,M,1,2,N,,,,,
19150161,68043123,1,A00000132254,2013-10-01 00:00:00,3,N,21,5,28,M,1,2,N,,,,,
19150148,68043089,1,A00000136109,2014-07-15 00:00:00,3,N,23,5,32,F,1,2,N,,,,,
19150098,68042215,1,A00000133110,2013-11-10 00:00:00,3,N,23,5,46,M,1,2,R,,,,,
19150229,68044058,1,A00000129786,2013-04-06 00:00:00,3,N,23,5,22,F,1,2,N,,,,,
19150221,68044041,1,A00000133036,2013-12-01 00:00:00,3,N,23,5,20,M,1,2,R,,,,,
19150215,68044030,1,A00000132147,2013-10-06 00:00:00,3,N,23,5,23,M,1,2,N,,,,,
19150203,68044003,1,A00000129992,2013-04-20 00:00:00,3,N,23,5,23,M,1,2,R,,,,,
19151167,68044072,1,A00000132662,2013-10-31 00:00:00,3,M,23,5,33,F,1,2,N,,,,,
19152421,68046944,1,A00000136879,2014-08-20 00:00:00,3,N,23,5,44,M,1,2,N,,,,,
19153365,68047622,1,A00000133114,2013-12-15 00:00:00,3,N,23,5,28,F,1,2,R,,,,,
19150157,68043110,1,A00000134526,2014-03-10 00:00:00,3,N,23,5,57,F,2,1,N,,,,,
19150123,68043036,3,A00000133506,2013-08-22 00:00:00,2,N,49,5,21,M,2,2,R,,,,,
19151186,68044922,1,PEN2013-0271,2013-10-17 00:00:00,2,C,49,5,17,M,2,2,R,R,,,,
19152435,68047598,1,A00000129489,2013-03-16 00:00:00,1,N,16,5,40,M,2,2,R,,,,,
19153360,68047602,1,A00000132544,2013-11-01 00:00:00,1,N,16,5,28,M,2,2,R,,,,,
19153357,68047598,2,A00000129490,2013-03-16 00:00:00,1,N,16,5,40,F,2,2,R,,,,,
19151314,68045857,1,A00000131616,2013-08-27 00:00:00,3,N,4,5,25,M,1,2,R,,,,,
19151179,68044107,1,A00000135495,2013-12-17 00:00:00,2,N,4,5,18,M,1,2,R,,,,,
19150201,68044000,1,A00000129823,2013-04-06 00:00:00,3,N,52,5,20,M,1,2,R,,,,,
19150226,68044050,1,A00000133304,2013-12-24 00:00:00,3,N,40,5,28,M,2,2,R,,,,,
19150195,68043985,1,A00000135646,2014-06-11 00:00:00,3,N,43,5,32,M,1,1,N,,,,,
19151263,68045015,1,A00000129950,2013-04-18 00:00:00,2,N,45,5,12,M,0,3,R,R,,,,
19151238,68044996,1,A00000129596,2013-03-16 00:00:00,2,N,36,5,23,M,2,3,N,,,,,
19151210,68044950,1,A00000133338,2013-12-26 00:00:00,2,N,35,5,22,F,2,2,R,,,,,
19151197,68044934,1,A00000133013,2013-12-06 00:00:00,2,N,35,5,24,F,2,2,R,,,,,
19152355,68046824,2,A00000131575,2013-08-22 00:00:00,3,N,35,5,35,F,1,2,R,,,,,
19150097,68042213,1,A00000132980,2013-11-13 00:00:00,2,N,35,5,32,M,1,2,R,,,,,
19152271,68045888,1,A00000132389,2013-10-16 00:00:00,1,N,16,5,19,M,1,2,R,,,,,
19152263,68045883,1,A00000132220,2013-10-09 00:00:00,1,N,16,5,31,M,1,2,R,,,,,
19151276,68045028,1,A00000130371,2013-05-19 00:00:00,1,N,16,5,31,F,1,2,R,,,,,
19151260,68045012,1,A00000130003,2013-04-15 00:00:00,1,N,16,5,31,M,1,2,N,,,,,
19150206,68044008,1,A00000130547,2013-06-05 00:00:00,1,N,16,5,19,M,1,2,R,,,,,
19150180,68043160,1,A00000133315,2013-12-14 00:00:00,1,N,16,5,18,M,1,2,R,,,,,
19150151,68043093,1,A00000133731,2013-07-02 00:00:00,2,N,14,5,16,M,1,2,R,R,,,,
19150064,68042161,1,A00000129233,2013-02-14 00:00:00,2,N,14,5,39,M,1,2,R,,,,,
19150228,68044055,2,A00000132091,2013-10-01 00:00:00,2,N,14,5,43,F,1,2,N,,,,,
19151219,68044983,1,A00000129012,2013-02-04 00:00:00,2,N,14,5,12,M,1,2,R,R,,,,
19152364,68046845,2,A00000132484,2013-12-15 00:00:00,2,N,14,5,21,M,1,2,R,,,,,
19150065,68042167,1,A00000129393,2013-03-05 00:00:00,2,N,10,5,21,M,1,2,R,,,,,
19150059,68042155,1,A00000128818,2013-01-19 00:00:00,2,N,10,5,18,M,1,2,R,,,,,
19152305,68045942,1,A00000133303,2013-11-23 00:00:00,1,N,10,5,18,M,1,2,R,,,,,
19151254,68045006,1,A00000129755,2013-04-04 00:00:00,3,N,34,5,30,M,1,2,R,,,,,
19150177,68043150,2,A00000135017,2014-04-27 00:00:00,3,N,34,5,22,M,1,2,N,,,,,
19152429,68047591,1,A00000133002,2013-12-02 00:00:00,3,N,34,5,22,M,1,2,R,,,,,
19152405,68046913,2,A00000133120,2014-01-15 00:00:00,3,N,34,5,28,M,1,2,N,,,,,
19152320,68045972,1,A00000134568,2013-11-01 00:00:00,3,N,34,5,18,M,1,2,R,,,,,
19152292,68045918,1,A00000133079,2013-12-11 00:00:00,3,N,5,5,28,F,1,2,R,,,,,
19151178,68044106,1,A00000134643,2014-04-02 00:00:00,2,N,23,5,23,F,1,3,N,,,,,
19150062,68042158,1,A00000129094,2013-02-08 00:00:00,2,N,5,5,36,M,1,2,R,,,,,
19150052,68042139,2,BIG13-1400,2013-05-14 00:00:00,2,C,5,5,14,M,1,2,R,R,,,,
19150051,68042139,1,BIG13-1399,2013-05-14 00:00:00,2,C,5,5,14,M,1,2,R,R,,,,
19151265,68045017,1,A00000130080,2013-04-18 00:00:00,2,N,5,5,13,M,1,2,R,R,,,,
19151246,68044999,3,A00000129580,2013-03-12 00:00:00,2,N,5,5,11,F,1,2,R,R,,,,
19151245,68044999,2,A00000129579,2013-03-12 00:00:00,2,N,5,5,11,M,1,2,R,R,,,,
19151244,68044999,1,A00000129578,2013-03-12 00:00:00,2,N,5,5,11,M,1,2,R,H,,,,
19150168,68043133,1,A00000133330,2013-12-03 00:00:00,2,N,5,5,43,M,1,2,R,,,,,
19151163,68044067,2,A00000131251,2013-06-21 00:00:00,2,N,5,5,16,M,1,2,R,H,,,,
19151333,68045878,1,A00000132410,2013-09-30 00:00:00,2,N,5,5,18,M,1,2,R,,,,,
19152318,68045970,2,A00000133656,2013-12-08 00:00:00,2,N,5,5,24,M,1,2,R,,,,,
19152317,68045970,1,A00000133655,2013-12-08 00:00:00,2,N,5,5,18,F,1,2,R,,,,,
19152375,68046861,1,A00000132697,2013-12-27 00:00:00,3,N,10,5,19,M,2,2,N,,,,,
19151192,68044927,3,A00000133215,2013-12-20 00:00:00,3,N,5,5,13,M,2,2,N,R,,,,
19151191,68044927,2,A00000133214,2013-12-20 00:00:00,3,N,5,5,12,M,2,2,N,R,,,,
19151190,68044927,1,A00000133213,2013-12-20 00:00:00,3,N,5,5,18,M,2,2,N,,,,,
19153361,68047608,1,A00000132995,2013-12-04 00:00:00,1,N,5,5,34,F,2,2,R,,,,,
19151242,68044997,4,A00000129567,2013-03-18 00:00:00,2,N,48,5,19,M,1,3,R,,,,,
19152268,68045886,1,A00000133169,2013-10-16 00:00:00,2,N,5,5,14,M,2,2,R,R,,,,
19152273,68045891,1,A00000132543,2013-10-24 00:00:00,2,N,53,5,22,M,2,2,R,,,,,
19150133,68043050,1,A00000133097,2013-12-13 00:00:00,1,N,53,5,48,M,1,2,R,,,,,
19150096,68042212,1,A00000132680,2013-11-07 00:00:00,2,N,53,5,24,M,1,2,R,,,,,
19150057,68042154,1,A00000128793,2013-01-16 00:00:00,2,N,53,5,18,M,1,2,R,,,,,
19150054,68042150,1,A00000132924,2013-11-26 00:00:00,2,N,53,5,13,M,1,2,R,R,,,,
19150053,68042149,1,A00000132893,2013-11-26 00:00:00,2,N,53,5,12,F,1,2,R,R,,,,
19152389,68046885,2,A00000133009,2014-03-16 00:00:00,2,N,53,5,20,M,1,2,R,,,,,
19152346,68046811,4,A00000131178,2013-07-11 00:00:00,2,N,53,5,19,M,1,2,R,,,,,
19152345,68046811,3,A00000131179,2013-07-11 00:00:00,2,N,53,5,20,M,1,2,R,,,,,
19152344,68046811,2,A00000131177,2013-07-11 00:00:00,2,N,53,5,50,M,1,2,R,,,,,
19152343,68046811,1,A00000131176,2013-07-11 00:00:00,2,N,53,5,43,M,1,2,R,,,,,
19151302,68045051,1,A00000131546,2013-07-05 00:00:00,2,N,52,5,17,F,1,3,R,R,,,,
19150088,68042199,1,A00000132216,2013-09-19 00:00:00,2,N,5,5,22,M,1,3,R,,,,,
19150085,68042192,1,A00000131391,2013-04-17 00:00:00,2,N,5,5,18,M,1,3,R,,,,,
19151164,68044067,1,A00000131250,2013-07-30 00:00:00,2,N,5,5,14,M,1,3,N,H,,,,
19151280,68045032,1,A00000130541,2013-05-25 00:00:00,3,N,10,5,29,M,1,2,R,,,,,
19150139,68043061,1,A00000135523,2014-04-29 00:00:00,3,N,14,5,22,M,1,2,R,,,,,
19150136,68043055,1,A00000135519,2014-04-29 00:00:00,3,N,14,5,22,M,1,2,R,,,,,
19150135,68043053,1,A00000135520,2013-12-16 00:00:00,3,N,14,5,22,M,1,2,R,,,,,
19150132,68043046,1,A00000135518,2014-04-29 00:00:00,3,N,14,5,22,M,1,2,R,,,,,
19150131,68043045,1,A00000135517,2014-04-29 00:00:00,3,N,14,5,22,M,1,2,R,,,,,
19151212,68044956,1,A00000132536,2013-10-28 00:00:00,3,N,14,5,18,M,1,2,R,,,,,
19152363,68046845,1,A00000132371,2013-10-20 00:00:00,3,N,14,5,22,M,1,2,R,,,,,
19150134,68043051,1,A00000133117,2013-12-16 00:00:00,1,N,10,5,25,M,1,2,R,,,,,
19150115,68043031,1,A00000131152,2013-07-07 00:00:00,1,N,10,5,18,M,1,2,R,,,,,
19151181,68044905,1,A00000133294,2013-12-24 00:00:00,1,N,10,5,23,M,1,2,N,,,,,
19150227,68044055,1,A00000132090,2013-10-01 00:00:00,2,N,14,5,29,F,1,2,N,,,,,
19152302,68045937,1,A00000394564,2013-11-22 00:00:00,2,C,8,5,14,M,1,2,R,R,,,,
19153367,68047627,1,A00000133197,2013-12-20 00:00:00,1,N,51,5,32,M,2,2,R,,,,,
