victim_id,incident_id,victim_seq_num,victim_type_id,assignment_type_id,activity_type_id,outside_agency_id,age_id,age_num,sex_code,race_id,ethnicity_id,resident_status_code,agency_data_year,ff_line_number,age_range_low_num,age_range_high_num
73994490,68047571,1,7,,,,,,,,,,,,,
73994491,68047572,1,4,,,,5,29,F,1,2,R,,,,
73994492,68047573,1,4,,,,5,62,M,1,2,R,,,,
73994493,68047574,1,4,,,,5,54,M,1,2,R,,,,
73994495,68047575,2,4,,,,5,56,M,1,2,R,,,,
73994494,68047575,1,1,,,,,,,,,,,,,
73994496,68047576,1,1,,,,,,,,,,,,,
73994498,68047578,1,4,,,,5,58,M,1,2,R,,,,
73994509,68047588,1,4,,,,5,62,F,1,2,R,,,,
73994497,68047577,1,1,,,,,,,,,,,,,
73994499,68047579,1,4,,,,5,34,F,1,2,R,,,,
73994500,68047580,1,4,,,,5,32,F,1,2,R,,,,
73994501,68047581,1,4,,,,5,29,F,1,2,R,,,,
73994502,68047582,1,4,,,,5,46,M,1,2,R,,,,
73994503,68047583,1,4,,,,5,49,M,2,2,R,,,,
73994504,68047584,1,4,,,,5,63,M,1,2,N,,,,
73994505,68047585,1,1,,,,,,,,,,,,,
73994506,68047586,1,4,,,,5,62,M,1,2,R,,,,
73994507,68047586,2,4,,,,5,60,F,1,2,R,,,,
73994508,68047587,1,4,,,,5,32,F,1,2,R,,,,
73994510,68047589,1,4,,,,5,48,M,1,2,R,,,,
73988035,68042139,1,4,,,,5,63,M,1,2,R,,,,
73988036,68042140,1,4,,,,5,22,M,1,1,R,,,,
73988037,68042141,1,4,,,,4,,F,1,2,R,,,,
73988038,68042142,1,4,,,,5,58,F,1,2,R,,,,
73988039,68042143,1,4,,,,4,,M,1,2,R,,,,
73988040,68042144,1,4,,,,5,41,F,1,2,R,,,,
73988041,68042145,1,4,,,,5,47,M,1,2,R,,,,
73988042,68042146,1,4,,,,4,,F,1,2,R,,,,
73988043,68042147,1,4,,,,4,,F,1,2,R,,,,
73988044,68042148,1,4,,,,5,33,M,1,2,R,,,,
73988045,68042149,1,4,,,,5,15,F,1,2,R,,,,
73988046,68042150,1,8,,,,,,,,,,,,,
73988047,68042151,1,4,,,,5,20,M,1,2,R,,,,
73988048,68042152,1,4,,,,5,17,F,1,2,R,,,,
73988049,68042153,1,1,,,,,,,,,,,,,
73988050,68042154,1,4,,,,5,18,F,1,2,R,,,,
73988051,68042154,2,4,,,,5,19,M,1,2,R,,,,
73988052,68042155,1,8,,,,,,,,,,,,,
73988057,68042160,1,4,,,,5,39,F,1,2,R,,,,
73988058,68042161,1,1,,,,,,,,,,,,,
73988059,68042161,2,1,,,,,,,,,,,,,
73988060,68042161,3,1,,,,,,,,,,,,,
73988061,68042161,4,1,,,,,,,,,,,,,
73988062,68042161,5,4,,,,5,53,M,1,2,R,,,,
73988053,68042156,1,8,,,,,,,,,,,,,
73988054,68042157,1,4,,,,4,,F,1,2,R,,,,
73988055,68042158,1,4,,,,5,47,F,1,2,R,,,,
73988056,68042159,1,8,,,,,,,,,,,,,
73988063,68042162,1,4,,,,5,74,F,1,2,R,,,,
73988069,68042168,1,4,,,,4,,F,1,2,R,,,,
73988070,68042168,2,4,,,,5,14,F,1,1,R,,,,
73988094,68042190,1,1,,,,,,,,,,,,,
73988095,68042190,2,4,,,,4,,M,1,2,R,,,,
73988064,68042163,1,4,,,,4,,M,1,2,R,,,,
73988065,68042164,1,4,,,,4,,F,1,2,R,,,,
73988066,68042165,1,4,,,,4,,F,1,2,R,,,,
73988067,68042166,1,4,,,,5,20,M,1,2,R,,,,
73988068,68042167,1,8,,,,,,,,,,,,,
73988071,68042169,1,4,,,,5,31,F,1,2,R,,,,
73988072,68042170,1,4,,,,5,18,M,1,3,R,,,,
73988075,68042173,1,4,,,,5,40,M,1,2,R,,,,
73988080,68042177,1,4,,,,5,32,M,1,2,R,,,,
73988081,68042178,1,1,,,,,,,,,,,,,
73988073,68042171,1,1,,,,,,,,,,,,,
73988074,68042172,1,1,,,,,,,,,,,,,
73988076,68042174,1,4,,,,5,79,M,1,2,R,,,,
73988077,68042175,1,4,,,,5,53,M,1,2,R,,,,
73988078,68042175,2,4,,,,5,17,M,1,2,R,,,,
73988079,68042176,1,4,,,,5,46,M,1,2,R,,,,
73988086,68042182,1,4,,,,4,,M,1,2,R,,,,
73988089,68042185,1,1,,,,,,,,,,,,,
73988097,68042192,1,4,,,,5,42,F,1,2,R,,,,
73988111,68042204,1,4,,,,5,16,M,1,2,R,,,,
73988082,68042179,1,8,,,,,,,,,,,,,
73988084,68042180,2,4,,,,5,18,M,1,3,R,,,,
73988083,68042180,1,4,,,,5,42,F,1,2,R,,,,
73988085,68042181,1,4,,,,5,55,M,1,2,N,,,,
73988087,68042183,1,4,,,,5,47,M,1,2,R,,,,
73988088,68042184,1,4,,,,5,14,M,1,2,R,,,,
73988090,68042186,1,4,,,,5,66,M,1,2,R,,,,
73988091,68042187,1,4,,,,5,19,F,1,1,R,,,,
73988092,68042188,1,4,,,,5,22,F,1,2,R,,,,
73988093,68042189,1,4,,,,5,29,M,1,2,R,,,,
73988096,68042191,1,4,,,,5,48,F,1,2,R,,,,
73988098,68042193,1,6,,,,,,,,,,,,,
73988099,68042194,1,1,,,,,,,,,,,,,
73988100,68042195,1,4,,,,5,47,F,1,2,R,,,,
73988101,68042196,1,4,,,,5,21,M,1,1,R,,,,
73988105,68042199,1,4,,,,5,65,M,1,2,R,,,,
73988104,68042198,1,4,,,,5,70,M,1,2,R,,,,
73988103,68042197,2,4,,,,5,19,M,2,1,R,,,,
73988102,68042197,1,4,,,,5,17,F,2,2,R,,,,
73988106,68042200,1,4,,,,5,45,M,1,2,R,,,,
73988107,68042200,2,4,,,,5,24,M,1,2,R,,,,
73988108,68042201,1,4,,,,5,69,M,1,3,R,,,,
73988109,68042202,1,4,,,,4,,M,1,2,R,,,,
73988110,68042203,1,4,,,,5,14,F,1,1,R,,,,
73988112,68042205,1,4,,,,5,27,M,1,2,R,,,,
73988113,68042205,2,4,,,,5,47,F,1,2,R,,,,
73988114,68042206,1,4,,,,5,71,M,1,2,R,,,,
73988115,68042207,1,4,,,,5,15,F,1,2,R,,,,
73988116,68042207,2,4,,,,5,39,F,1,2,R,,,,
73988118,68042209,1,1,,,,,,,,,,,,,
73988138,68043018,1,4,,,,5,55,F,1,2,R,,,,
73988117,68042208,1,4,,,,5,33,F,1,2,R,,,,
73988119,68042210,1,4,,,,5,21,F,1,2,R,,,,
73988133,68043013,1,4,,,,5,58,F,1,2,R,,,,
73988137,68043017,1,1,,,,,,,,,,,,,
73988120,68042211,1,4,,,,5,32,M,1,2,R,,,,
73988121,68042212,1,4,,,,5,31,M,1,2,R,,,,
73988122,68042213,1,8,,,,,,,,,,,,,
73988124,68042215,1,1,,,,,,,,,,,,,
73988125,68042215,2,1,,,,,,,,,,,,,
73988126,68042215,3,1,,,,,,,,,,,,,
73988134,68043014,1,4,,,,5,67,M,1,2,R,,,,
73988135,68043015,1,8,,,,,,,,,,,,,
73988136,68043016,1,4,,,,5,35,F,1,2,R,,,,
73988123,68042214,1,4,,,,5,46,M,1,2,R,,,,
73988127,68042216,1,4,,,,5,71,M,1,2,R,,,,
73988128,68042217,1,4,,,,5,46,F,1,2,R,,,,
73988129,68042218,1,4,,,,5,38,F,1,2,R,,,,
73988130,68042219,1,4,,,,5,34,F,1,2,R,,,,
73988131,68042220,1,8,,,,,,,,,,,,,
73988132,68042221,1,4,,,,5,56,F,1,3,R,,,,
73988139,68043019,1,4,,,,5,14,F,1,2,R,,,,
73988140,68043020,1,4,,,,5,79,F,1,2,R,,,,
73988142,68043021,2,1,,,,,,,,,,,,,
73988141,68043021,1,4,,,,4,,F,1,2,R,,,,
73991257,68044944,1,8,,,,,,,,,,,,,
73991258,68044945,1,5,7,4,,5,27,M,1,2,R,,,,
73991259,68044946,1,8,,,,,,,,,,,,,
73991260,68044947,1,5,2,4,,5,39,M,1,2,R,,,,
73991262,68044948,2,5,7,4,,4,,M,1,2,R,,,,
73991261,68044948,1,5,7,4,,5,24,M,1,2,R,,,,
73991263,68044949,1,5,7,4,,4,,M,1,2,R,,,,
73991264,68044950,1,8,,,,,,,,,,,,,
73991265,68044951,1,4,,,,5,1,F,1,2,N,,,,
73991295,68044979,1,4,,,,4,,M,1,2,R,,,,
73991291,68044975,1,4,,,,4,,M,0,3,R,,,,
73991292,68044976,1,4,,,,5,71,F,1,2,N,,,,
73991266,68044952,1,3,,,,,,,,,,,,,
73991267,68044953,1,4,,,,5,35,F,1,3,R,,,,
73991268,68044954,1,4,,,,4,,F,1,2,R,,,,
73991269,68044955,1,4,,,,5,35,F,1,2,N,,,,
73991270,68044955,2,4,,,,5,46,M,1,2,N,,,,
73991289,68044973,1,4,,,,5,16,M,1,2,N,,,,
73991271,68044956,1,4,,,,5,66,F,1,2,R,,,,
73991275,68044960,1,4,,,,5,40,F,1,2,R,,,,
73991272,68044957,1,4,,,,5,20,M,1,2,R,,,,
73991273,68044958,1,4,,,,5,44,M,1,2,R,,,,
73991274,68044959,1,1,,,,,,,,,,,,,
73991276,68044961,1,4,,,,5,48,F,1,2,R,,,,
73991277,68044961,2,4,,,,5,19,M,1,2,R,,,,
73991278,68044962,1,4,,,,5,46,M,1,2,R,,,,
73991279,68044963,1,4,,,,5,51,M,1,2,R,,,,
73991290,68044974,1,4,,,,5,65,F,1,2,R,,,,
73991280,68044964,1,4,,,,5,82,F,1,2,R,,,,
73991281,68044965,1,4,,,,5,63,F,1,2,R,,,,
73991282,68044966,1,8,,,,,,,,,,,,,
73991283,68044967,1,1,,,,,,,,,,,,,
73991284,68044968,1,4,,,,5,89,M,1,2,R,,,,
73991285,68044969,1,4,,,,5,40,M,1,2,R,,,,
73991286,68044970,1,4,,,,5,48,F,1,2,R,,,,
73991287,68044971,1,4,,,,5,34,M,1,2,R,,,,
73991288,68044972,1,4,,,,5,47,M,1,2,R,,,,
73991293,68044977,1,4,,,,5,51,M,1,2,R,,,,
73991294,68044978,1,1,,,,,,,,,,,,,
73992408,68045949,1,4,,,,5,45,M,1,2,R,,,,
73992409,68045950,1,4,,,,5,22,F,1,2,R,,,,
73992410,68045951,1,4,,,,5,70,M,1,2,R,,,,
73991296,68044980,1,4,,,,5,22,F,1,2,R,,,,
73991297,68044980,2,4,,,,5,22,M,1,2,R,,,,
73991298,68044981,1,4,,,,5,51,F,1,2,R,,,,
73991299,68044981,2,4,,,,5,47,M,1,2,R,,,,
73992411,68045952,1,4,,,,4,,F,1,2,R,,,,
73992412,68045953,1,4,,,,5,60,F,1,2,R,,,,
73991300,68044982,1,4,,,,5,24,M,1,1,R,,,,
73991301,68044983,1,4,,,,5,30,M,1,2,R,,,,
73991302,68044984,1,8,,,,,,,,,,,,,
73991303,68044985,1,1,,,,,,,,,,,,,
73991304,68044986,1,4,,,,5,42,F,1,2,R,,,,
73991305,68044987,1,4,,,,5,45,F,1,2,R,,,,
73991306,68044988,1,4,,,,5,42,F,1,2,R,,,,
73991307,68044989,1,4,,,,5,27,F,1,2,R,,,,
73991308,68044990,1,4,,,,5,25,M,1,2,R,,,,
73991309,68044990,2,4,,,,5,26,F,1,2,R,,,,
73991310,68044991,1,4,,,,5,13,F,1,2,R,,,,
73991311,68044992,1,8,,,,,,,,,,,,,
73991313,68044994,1,4,,,,5,57,M,1,2,R,,,,
73991314,68044995,1,4,,,,5,17,M,1,2,R,,,,
73991312,68044993,1,4,,,,5,33,M,1,2,R,,,,
73991315,68044996,1,4,,,,5,27,F,1,2,R,,,,
73991316,68044997,1,4,,,,5,67,F,1,2,R,,,,
73991317,68044998,1,4,,,,5,38,F,1,2,R,,,,
73991318,68044998,2,4,,,,5,12,F,1,2,R,,,,
73991319,68044999,1,4,,,,5,38,M,1,2,R,,,,
73991320,68045000,1,4,,,,5,43,M,1,2,R,,,,
73991321,68045001,1,4,,,,5,41,F,1,2,R,,,,
73991322,68045002,1,4,,,,5,24,F,1,2,R,,,,
73991323,68045003,1,4,,,,5,22,F,1,2,R,,,,
73991324,68045004,1,1,,,,,,,,,,,,,
73991325,68045005,1,4,,,,5,12,M,1,2,R,,,,
73992415,68045956,1,4,,,,5,24,M,1,2,R,,,,
73991326,68045006,1,1,,,,,,,,,,,,,
73991327,68045007,1,4,,,,5,36,F,1,2,R,,,,
73991328,68045008,1,4,,,,5,1,M,1,2,R,,,,
73991329,68045009,1,4,,,,5,37,M,1,2,R,,,,
73991330,68045010,1,4,,,,5,12,M,1,2,R,,,,
73991331,68045011,1,4,,,,5,19,F,1,2,R,,,,
73991332,68045012,1,8,,,,,,,,,,,,,
73991333,68045013,1,4,,,,5,40,F,1,2,R,,,,
73991334,68045014,1,8,,,,,,,,,,,,,
73991336,68045015,2,4,,,,5,13,F,1,2,R,,,,
73991335,68045015,1,1,,,,,,,,,,,,,
73991337,68045016,1,4,,,,5,36,F,1,2,R,,,,
73991338,68045017,1,1,,,,,,,,,,,,,
73991339,68045018,1,1,,,,,,,,,,,,,
73991353,68045031,1,1,,,,,,,,,,,,,
73991364,68045041,1,4,,,,5,62,F,1,2,R,,,,
73991366,68045043,1,8,,,,,,,,,,,,,
73992404,68045945,1,4,,,,5,14,F,1,2,R,,,,
73992407,68045948,1,4,,,,5,69,M,1,2,R,,,,
73992416,68045957,1,4,,,,5,35,F,1,2,R,,,,
73991340,68045019,1,8,,,,,,,,,,,,,
73991341,68045020,1,4,,,,5,23,F,2,2,R,,,,
73991342,68045021,1,1,,,,,,,,,,,,,
73991343,68045022,1,4,,,,5,55,M,1,2,R,,,,
73991344,68045022,2,4,,,,5,54,M,1,2,R,,,,
73991345,68045023,1,8,,,,,,,,,,,,,
73991346,68045024,1,4,,,,5,34,M,2,2,R,,,,
73991347,68045025,1,4,,,,5,46,F,1,2,R,,,,
73991348,68045026,1,4,,,,5,43,F,1,2,R,,,,
73991349,68045027,1,4,,,,5,41,F,2,2,R,,,,
73991350,68045028,1,8,,,,,,,,,,,,,
73991351,68045029,1,4,,,,5,15,M,1,1,R,,,,
73991352,68045030,1,4,,,,5,26,F,1,2,R,,,,
73991354,68045032,1,4,,,,5,21,F,1,2,R,,,,
73991355,68045032,2,4,,,,5,21,M,1,2,R,,,,
73991367,68045044,1,8,,,,,,,,,,,,,
73991371,68045048,1,4,,,,5,40,F,1,2,R,,,,
73991377,68045842,1,8,,,,,,,,,,,,,
73992424,68045965,1,1,,,,,,,,,,,,,
73991356,68045033,1,1,,,,,,,,,,,,,
73991357,68045034,1,4,,,,5,9,F,1,1,R,,,,
73991358,68045035,1,4,,,,5,26,F,2,2,R,,,,
73991359,68045036,1,8,,,,,,,,,,,,,
73991360,68045037,1,8,,,,,,,,,,,,,
73991361,68045038,1,4,,,,5,37,F,1,2,R,,,,
73991362,68045039,1,4,,,,5,44,M,1,2,R,,,,
73991363,68045040,1,6,,,,,,,,,,,,,
73991365,68045042,1,8,,,,,,,,,,,,,
73991368,68045045,1,1,,,,,,,,,,,,,
73991369,68045046,1,1,,,,,,,,,,,,,
73991370,68045047,1,4,,,,5,43,M,1,2,R,,,,
73991378,68045843,1,4,,,,5,34,F,1,2,R,,,,
73991379,68045844,1,4,,,,5,34,F,1,2,R,,,,
73991380,68045845,1,4,,,,5,23,F,1,2,R,,,,
73991381,68045846,1,8,,,,,,,,,,,,,
73991382,68045847,1,4,,,,5,30,M,1,2,R,,,,
73991385,68045850,1,1,,,,,,,,,,,,,
73991390,68045855,1,1,,,,,,,,,,,,,
73992417,68045958,1,4,,,,5,55,M,1,2,R,,,,
73992402,68045943,1,8,,,,,,,,,,,,,
73991372,68045049,1,4,,,,5,32,F,1,2,R,,,,
73991373,68045049,2,8,,,,,,,,,,,,,
73991374,68045050,1,4,,,,5,51,F,1,2,R,,,,
73991375,68045051,1,4,,,,5,12,M,2,2,R,,,,
73991376,68045052,1,8,,,,,,,,,,,,,
73991383,68045848,1,4,,,,5,26,F,1,2,R,,,,
73991384,68045849,1,8,,,,,,,,,,,,,
73991386,68045851,1,4,,,,4,,M,1,2,R,,,,
73991387,68045852,1,8,,,,,,,,,,,,,
73991388,68045853,1,4,,,,5,44,M,1,2,R,,,,
73991389,68045854,1,4,,,,5,26,M,1,2,R,,,,
73991391,68045856,1,4,,,,5,51,F,1,2,R,,,,
73991392,68045857,1,4,,,,5,23,F,1,2,R,,,,
73991393,68045858,1,4,,,,5,29,F,1,2,R,,,,
73991394,68045858,2,4,,,,5,34,M,1,2,R,,,,
73991395,68045859,1,1,,,,,,,,,,,,,
73991396,68045860,1,4,,,,5,70,M,1,2,N,,,,
73991397,68045860,2,8,,,,,,,,,,,,,
73991399,68045862,1,4,,,,5,21,F,1,2,R,,,,
73991406,68045868,1,4,,,,5,70,M,1,2,N,,,,
73992403,68045944,1,4,,,,5,30,M,1,2,R,,,,
73991398,68045861,1,4,,,,5,27,F,1,2,R,,,,
73992422,68045963,1,8,,,,,,,,,,,,,
73992433,68045974,1,4,,,,5,45,M,1,2,R,,,,
73991400,68045863,1,4,,,,5,47,F,1,2,R,,,,
73991401,68045864,1,4,,,,5,76,M,1,2,R,,,,
73991402,68045865,1,1,,,,,,,,,,,,,
73991403,68045866,1,4,,,,5,21,F,1,2,R,,,,
73991404,68045866,2,4,,,,5,45,M,1,2,R,,,,
73991405,68045867,1,4,,,,5,39,M,1,2,R,,,,
73991407,68045869,1,4,,,,5,31,M,2,2,R,,,,
73991408,68045870,1,4,,,,5,24,F,1,2,R,,,,
73991409,68045870,2,4,,,,5,26,M,1,2,R,,,,
73991410,68045871,1,8,,,,,,,,,,,,,
73991411,68045872,1,4,,,,5,39,M,1,2,R,,,,
73991412,68045873,1,4,,,,5,46,F,0,3,R,,,,
73992321,68045874,1,4,,,,5,27,F,1,2,R,,,,
73992322,68045875,1,1,,,,,,,,,,,,,
73992323,68045876,1,8,,,,,,,,,,,,,
73992324,68045877,1,1,,,,,,,,,,,,,
73992325,68045878,1,4,,,,5,65,M,1,2,R,,,,
73992326,68045879,1,4,,,,5,22,M,2,2,R,,,,
73992327,68045879,2,4,,,,5,45,F,2,2,R,,,,
73992346,68045895,1,8,,,,,,,,,,,,,
73992385,68045928,1,4,,,,5,68,F,1,2,R,,,,
73992413,68045954,1,5,3,1,,4,,M,1,2,R,,,,
73992418,68045959,1,4,,,,5,23,F,1,2,R,,,,
73992423,68045964,1,4,,,,4,,F,1,2,R,,,,
73992426,68045967,1,4,,,,5,26,M,1,2,R,,,,
73992328,68045880,1,4,,,,5,20,F,1,2,R,,,,
73992329,68045881,1,4,,,,5,22,M,1,2,R,,,,
73992330,68045881,2,4,,,,5,55,M,1,2,R,,,,
73992331,68045882,1,8,,,,,,,,,,,,,
73992332,68045883,1,8,,,,,,,,,,,,,
73992333,68045884,1,1,,,,,,,,,,,,,
73992335,68045885,2,8,,,,,,,,,,,,,
73992334,68045885,1,1,,,,,,,,,,,,,
73992336,68045886,1,1,,,,,,,,,,,,,
73992337,68045887,1,1,,,,,,,,,,,,,
73992338,68045888,1,8,,,,,,,,,,,,,
73992339,68045889,1,4,,,,5,26,F,1,2,R,,,,
73992340,68045890,1,4,,,,5,43,M,1,2,R,,,,
73992341,68045891,1,1,,,,,,,,,,,,,
73992342,68045892,1,8,,,,,,,,,,,,,
73992343,68045893,1,8,,,,,,,,,,,,,
73992374,68045919,1,4,,,,5,49,M,1,2,R,,,,
73992431,68045972,1,4,,,,5,38,M,1,2,R,,,,
73992344,68045894,1,4,,,,5,51,M,1,2,R,,,,
73992345,68045894,2,4,,,,5,37,F,1,2,R,,,,
73992347,68045896,1,1,,,,,,,,,,,,,
73992348,68045897,1,4,,,,5,51,M,2,2,R,,,,
73992349,68045898,1,8,,,,,,,,,,,,,
73992350,68045899,1,4,,,,5,20,F,1,2,R,,,,
73992351,68045900,1,4,,,,5,20,F,1,2,R,,,,
73992352,68045901,1,8,,,,,,,,,,,,,
73992380,68045923,1,4,,,,5,33,M,1,2,R,,,,
73992395,68045937,1,8,,,,,,,,,,,,,
73992396,68045938,1,8,,,,,,,,,,,,,
73992401,68045942,1,8,,,,,,,,,,,,,
73992405,68045946,1,4,,,,5,46,M,1,2,R,,,,
73992406,68045947,1,5,3,5,,4,,M,1,2,R,,,,
73992414,68045955,1,4,,,,5,27,M,1,2,R,,,,
73992419,68045960,1,4,,,,5,51,M,1,2,R,,,,
73992420,68045961,1,4,,,,4,,F,1,2,R,,,,
73992421,68045962,1,5,3,1,,4,,M,1,2,R,,,,
73992425,68045966,1,4,,,,5,10,M,1,2,R,,,,
73992427,68045968,1,4,,,,4,,M,1,2,N,,,,
73992428,68045969,1,4,,,,5,26,F,1,2,R,,,,
73992429,68045970,1,4,,,,5,21,M,1,2,R,,,,
73992430,68045971,1,8,,,,,,,,,,,,,
73992432,68045973,1,8,,,,,,,,,,,,,
73992356,68045902,4,8,,,,,,,,,,,,,
73992353,68045902,1,4,,,,5,26,M,1,2,R,,,,
73992354,68045902,2,4,,,,5,60,M,1,2,R,,,,
73992355,68045902,3,4,,,,5,23,M,1,2,R,,,,
73992357,68045903,1,8,,,,,,,,,,,,,
73992358,68045904,1,4,,,,5,4,F,1,2,R,,,,
73992359,68045905,1,4,,,,5,39,M,1,2,R,,,,
73992360,68045905,2,4,,,,5,40,M,1,2,N,,,,
73992361,68045906,1,4,,,,5,18,F,1,2,R,,,,
73992362,68045907,1,4,,,,5,27,M,1,2,R,,,,
73992363,68045908,1,4,,,,5,48,F,1,2,R,,,,
73992364,68045909,1,4,,,,5,32,F,2,2,R,,,,
73992365,68045910,1,4,,,,5,13,M,1,2,R,,,,
73992366,68045911,1,4,,,,5,35,F,1,2,R,,,,
73992367,68045912,1,8,,,,,,,,,,,,,
73992368,68045913,1,8,,,,,,,,,,,,,
73992369,68045914,1,4,,,,5,25,F,1,2,R,,,,
73992370,68045915,1,8,,,,,,,,,,,,,
73992371,68045916,1,4,,,,5,27,F,1,2,R,,,,
73992372,68045917,1,4,,,,5,14,M,1,2,R,,,,
73992373,68045918,1,4,,,,5,34,M,1,2,R,,,,
73992375,68045920,1,1,,,,,,,,,,,,,
73992376,68045920,2,1,,,,,,,,,,,,,
73992377,68045921,1,4,,,,5,24,M,1,2,R,,,,
73992378,68045921,2,1,,,,,,,,,,,,,
73992379,68045922,1,4,,,,5,47,F,1,2,R,,,,
73992381,68045924,1,4,,,,5,43,F,1,2,R,,,,
73992382,68045925,1,8,,,,,,,,,,,,,
73992383,68045926,1,1,,,,,,,,,,,,,
73992384,68045927,1,1,,,,,,,,,,,,,
73992386,68045929,1,4,,,,5,27,F,1,2,R,,,,
73992387,68045930,1,4,,,,5,13,M,1,2,R,,,,
73992388,68045931,1,4,,,,5,50,M,1,2,R,,,,
73992389,68045932,1,4,,,,5,44,M,1,2,R,,,,
73992390,68045933,1,4,,,,5,25,F,1,2,R,,,,
73992391,68045934,1,4,,,,5,13,F,1,2,R,,,,
73992392,68045935,1,5,2,7,,4,,M,1,2,N,,,,
73992393,68045935,2,8,,,,,,,,,,,,,
73992394,68045936,1,4,,,,5,11,F,1,2,R,,,,
73992397,68045939,1,4,,,,5,49,F,1,2,R,,,,
73992398,68045939,2,4,,,,5,14,M,1,2,R,,,,
73992399,68045940,1,4,,,,5,43,M,1,2,R,,,,
73992400,68045941,1,4,,,,5,71,M,1,2,R,,,,
73992434,68045975,1,8,,,,,,,,,,,,,
73992435,68045976,1,4,,,,5,57,M,2,2,R,,,,
73992436,68045977,1,1,,,,,,,,,,,,,
73992437,68045978,1,6,,,,,,,,,,,,,
73992438,68045979,1,1,,,,,,,,,,,,,
73992439,68045980,1,4,,,,5,41,F,1,2,R,,,,
73994488,68047569,1,1,,,,,,,,,,,,,
73992440,68045981,1,4,,,,5,62,M,1,2,R,,,,
73992441,68045982,1,1,,,,,,,,,,,,,
73992442,68045983,1,1,,,,,,,,,,,,,
73994484,68046942,1,1,,,,,,,,,,,,,
73992443,68045984,1,8,,,,,,,,,,,,,
73992444,68045985,1,8,,,,,,,,,,,,,
73992453,68045991,1,4,,,,5,42,M,1,2,R,,,,
73992445,68045986,1,4,,,,5,69,M,1,2,R,,,,
73992446,68045986,2,4,,,,5,68,F,1,2,R,,,,
73992447,68045987,1,1,,,,,,,,,,,,,
73992448,68045988,1,4,,,,5,37,F,1,2,R,,,,
73992449,68045988,2,4,,,,5,16,M,1,2,R,,,,
73992450,68045988,3,4,,,,5,17,F,1,2,R,,,,
73992451,68045989,1,4,,,,5,41,F,2,2,R,,,,
73992452,68045990,1,4,,,,5,49,M,1,2,R,,,,
73992454,68045992,1,7,,,,,,,,,,,,,
73992455,68045993,1,4,,,,5,45,F,1,2,R,,,,
73992456,68045994,1,4,,,,5,22,M,1,2,R,,,,
73992462,68045998,1,4,,,,5,40,F,1,2,N,,,,
73992463,68045998,2,8,,,,,,,,,,,,,
73992469,68046791,1,4,,,,5,31,F,1,2,N,,,,
73992458,68045995,2,1,,,,,,,,,,,,,
73992457,68045995,1,4,,,,5,50,M,1,2,R,,,,
73992459,68045996,1,4,,,,5,18,M,1,2,R,,,,
73992460,68045996,2,4,,,,5,20,M,1,2,R,,,,
73992461,68045997,1,1,,,,,,,,,,,,,
73992464,68045999,1,4,,,,5,54,F,1,2,R,,,,
73992465,68045999,2,4,,,,5,32,M,1,2,R,,,,
73992467,68046789,2,8,,,,,,,,,,,,,
73992466,68046789,1,4,,,,5,43,M,1,2,R,,,,
73992468,68046790,1,4,,,,5,62,M,1,2,R,,,,
73992470,68046792,1,4,,,,5,43,M,1,2,R,,,,
73992471,68046792,2,4,,,,5,42,M,1,2,N,,,,
73992472,68046793,1,4,,,,5,59,M,0,2,R,,,,
73992473,68046793,2,4,,,,5,59,F,1,2,R,,,,
73992474,68046794,1,1,,,,,,,,,,,,,
73992475,68046795,1,4,,,,5,24,M,1,2,R,,,,
73992476,68046795,2,4,,,,5,25,M,1,2,R,,,,
73992477,68046795,3,4,,,,5,21,F,1,2,R,,,,
73992478,68046796,1,4,,,,5,31,F,1,2,R,,,,
73992479,68046797,1,1,,,,,,,,,,,,,
73992480,68046798,1,4,,,,5,48,F,1,2,R,,,,
73992481,68046799,1,1,,,,,,,,,,,,,
73992482,68046800,1,4,,,,5,42,M,1,2,R,,,,
73992483,68046801,1,4,,,,5,2,F,1,2,R,,,,
73992484,68046802,1,4,,,,5,23,M,1,2,R,,,,
73993393,68046803,11,4,,,,5,63,M,1,2,R,,,,
73993394,68046803,12,4,,,,5,54,F,1,2,R,,,,
73993395,68046803,13,4,,,,5,51,F,1,2,R,,,,
73993396,68046803,14,4,,,,5,36,F,1,2,R,,,,
73993397,68046803,15,4,,,,5,83,M,1,2,R,,,,
73993398,68046803,16,4,,,,5,28,M,1,2,R,,,,
73993399,68046803,17,4,,,,5,64,M,1,2,R,,,,
73993400,68046803,18,4,,,,5,44,M,1,2,R,,,,
73993401,68046803,19,4,,,,5,37,M,1,2,R,,,,
73993402,68046803,20,4,,,,5,49,M,1,2,R,,,,
73993403,68046803,21,4,,,,5,77,M,1,2,R,,,,
73993404,68046803,22,4,,,,5,50,F,1,2,R,,,,
73993405,68046803,23,4,,,,5,62,M,1,2,R,,,,
73993406,68046803,24,4,,,,5,71,F,1,2,R,,,,
73992494,68046803,10,4,,,,5,46,M,1,2,R,,,,
73992485,68046803,1,4,,,,5,28,F,1,2,R,,,,
73992486,68046803,2,4,,,,5,30,M,1,2,R,,,,
73992487,68046803,3,4,,,,5,45,F,1,2,R,,,,
73992488,68046803,4,4,,,,5,65,M,1,2,R,,,,
73992489,68046803,5,4,,,,5,47,M,1,2,R,,,,
73992490,68046803,6,4,,,,5,35,F,1,2,R,,,,
73992491,68046803,7,4,,,,5,66,F,1,2,R,,,,
73992492,68046803,8,4,,,,5,90,F,1,2,R,,,,
73992493,68046803,9,4,,,,5,52,M,1,2,R,,,,
73993407,68046804,1,1,,,,,,,,,,,,,
73993408,68046805,1,4,,,,5,36,M,1,2,R,,,,
73993409,68046806,1,4,,,,5,24,M,1,2,R,,,,
73993410,68046807,1,4,,,,5,57,M,1,2,R,,,,
73993418,68046812,1,4,,,,5,41,M,1,2,R,,,,
73993411,68046808,1,1,,,,,,,,,,,,,
73993412,68046809,1,1,,,,,,,,,,,,,
73993413,68046810,1,4,,,,5,67,M,1,2,R,,,,
73993414,68046811,1,4,,,,5,20,M,1,2,R,,,,
73993415,68046811,2,4,,,,5,50,M,1,2,R,,,,
73993416,68046811,3,4,,,,5,19,M,1,2,R,,,,
73993417,68046811,4,4,,,,5,43,M,1,2,R,,,,
73993419,68046813,1,4,,,,5,54,F,1,2,N,,,,
73993420,68046814,1,4,,,,5,29,M,1,2,R,,,,
73993421,68046814,2,4,,,,5,27,F,1,2,R,,,,
73993422,68046815,1,4,,,,5,26,F,1,2,R,,,,
73993423,68046816,1,1,,,,,,,,,,,,,
73993424,68046817,1,4,,,,5,26,F,1,2,R,,,,
73993425,68046817,2,4,,,,5,40,M,1,2,R,,,,
73993427,68046818,2,1,,,,,,,,,,,,,
73993426,68046818,1,4,,,,5,44,F,1,2,R,,,,
73993428,68046819,1,4,,,,5,25,M,1,2,R,,,,
73993429,68046820,1,4,,,,4,,U,0,3,U,,,,
73993430,68046821,1,4,,,,5,59,F,1,2,R,,,,
73993431,68046821,2,4,,,,5,70,M,1,2,R,,,,
73993432,68046822,1,4,,,,5,33,F,1,2,R,,,,
73993433,68046822,2,4,,,,5,36,M,1,2,R,,,,
73993434,68046823,1,1,,,,,,,,,,,,,
73993436,68046824,2,1,,,,,,,,,,,,,
73993435,68046824,1,8,,,,,,,,,,,,,
73993437,68046825,1,4,,,,5,53,F,1,2,R,,,,
73993438,68046825,2,4,,,,5,25,F,1,2,R,,,,
73993439,68046825,3,4,,,,5,20,M,1,2,R,,,,
73993440,68046826,1,1,,,,,,,,,,,,,
73993441,68046827,1,4,,,,5,46,M,1,2,R,,,,
73993442,68046827,2,4,,,,5,17,M,1,2,R,,,,
73993443,68046828,1,4,,,,5,15,M,1,2,R,,,,
73993444,68046828,2,4,,,,5,20,F,1,2,R,,,,
73993445,68046829,1,8,,,,,,,,,,,,,
73993446,68046830,1,4,,,,5,36,F,1,2,R,,,,
73993448,68046831,2,4,,,,5,30,F,1,2,R,,,,
73993447,68046831,1,4,,,,5,27,M,1,1,R,,,,
73993449,68046832,1,8,,,,,,,,,,,,,
73993450,68046833,1,4,,,,5,63,F,1,2,R,,,,
73993451,68046834,1,8,,,,,,,,,,,,,
73993452,68046835,1,4,,,,5,38,M,1,2,R,,,,
73993453,68046835,2,4,,,,5,26,F,1,2,R,,,,
73993454,68046836,1,4,,,,5,31,F,1,2,R,,,,
73993455,68046837,1,4,,,,5,31,F,1,2,R,,,,
73993456,68046838,1,4,,,,5,63,F,2,2,R,,,,
73994487,68047568,1,4,,,,5,95,M,1,2,R,,,,
73993466,68046848,1,8,,,,,,,,,,,,,
73993467,68046849,1,1,,,,,,,,,,,,,
73993468,68046850,1,4,,,,5,27,F,1,2,R,,,,
73993469,68046851,1,4,,,,5,28,M,1,2,R,,,,
73993470,68046852,1,1,,,,,,,,,,,,,
73993471,68046853,1,4,,,,5,35,M,1,2,R,,,,
73993472,68046853,2,4,,,,5,37,M,1,2,N,,,,
73993473,68046854,1,1,,,,,,,,,,,,,
73993492,68046869,1,4,,,,5,58,F,1,2,R,,,,
73993493,68046870,1,1,,,,,,,,,,,,,
73993543,68046907,1,4,,,,5,37,M,1,2,R,,,,
73993457,68046839,1,4,,,,5,24,F,1,2,R,,,,
73993458,68046840,1,1,,,,,,,,,,,,,
73993459,68046841,1,4,,,,5,84,F,1,2,R,,,,
73993460,68046842,1,4,,,,5,37,M,1,2,R,,,,
73993461,68046843,1,4,,,,5,37,M,1,2,R,,,,
73993462,68046844,1,8,,,,,,,,,,,,,
73993463,68046845,1,4,,,,5,66,F,1,2,N,,,,
73993464,68046846,1,4,,,,5,34,M,1,2,R,,,,
73993465,68046847,1,1,,,,,,,,,,,,,
73994486,68046944,1,1,,,,,,,,,,,,,
73993474,68046855,1,8,,,,,,,,,,,,,
73993475,68046856,1,4,,,,5,39,M,1,2,N,,,,
73993476,68046856,2,4,,,,5,38,F,1,2,R,,,,
73993477,68046857,1,1,,,,,,,,,,,,,
73993478,68046858,1,1,,,,,,,,,,,,,
73993479,68046859,1,4,,,,5,59,M,1,2,R,,,,
73993481,68046860,2,4,,,,5,59,M,1,2,R,,,,
73993482,68046860,3,4,,,,5,62,F,1,2,R,,,,
73993480,68046860,1,3,,,,,,,,,,,,,
73993483,68046861,1,8,,,,,,,,,,,,,
73993484,68046862,1,8,,,,,,,,,,,,,
73993485,68046863,1,4,,,,5,31,M,1,2,R,,,,
73993486,68046864,1,1,,,,,,,,,,,,,
73993487,68046865,1,1,,,,,,,,,,,,,
73993488,68046866,1,4,,,,5,21,M,1,2,R,,,,
73993489,68046866,2,4,,,,5,21,F,1,2,R,,,,
73993490,68046867,1,4,,,,5,61,M,1,2,R,,,,
73993491,68046868,1,1,,,,,,,,,,,,,
73993494,68046871,1,1,,,,,,,,,,,,,
73993495,68046872,1,4,,,,5,63,M,1,2,R,,,,
73993496,68046873,1,1,,,,,,,,,,,,,
73993497,68046874,1,1,,,,,,,,,,,,,
73993498,68046875,1,4,,,,5,22,M,1,2,R,,,,
73993499,68046876,1,4,,,,5,39,F,1,2,R,,,,
73993501,68046878,1,4,,,,5,37,M,1,2,R,,,,
73993502,68046878,2,4,,,,5,79,M,1,2,R,,,,
73993526,68046895,1,4,,,,5,40,F,1,2,N,,,,
73993527,68046895,2,4,,,,5,42,M,1,2,N,,,,
73994480,68046938,1,4,,,,5,24,F,1,2,R,,,,
73994485,68046943,1,4,,,,5,27,F,1,2,R,,,,
73994489,68047570,1,4,,,,5,68,M,1,2,R,,,,
73993500,68046877,1,4,,,,5,62,M,1,2,R,,,,
73993503,68046879,1,1,,,,,,,,,,,,,
73993504,68046880,1,4,,,,5,47,M,1,3,R,,,,
73993505,68046880,2,4,,,,5,45,F,1,2,R,,,,
73993506,68046881,1,4,,,,5,37,M,1,2,R,,,,
73993507,68046881,2,4,,,,5,37,M,1,2,R,,,,
73993508,68046882,1,8,,,,,,,,,,,,,
73993509,68046883,1,1,,,,,,,,,,,,,
73993510,68046884,1,4,,,,5,34,M,1,2,R,,,,
73993511,68046884,2,4,,,,5,37,F,1,2,R,,,,
73993512,68046885,1,4,,,,5,58,F,1,2,N,,,,
73993514,68046885,3,4,,,,5,44,M,1,2,N,,,,
73993513,68046885,2,1,,,,,,,,,,,,,
73993515,68046886,1,4,,,,5,35,F,1,2,R,,,,
73993516,68046887,1,4,,,,5,67,F,1,2,R,,,,
73993517,68046888,1,4,,,,5,59,M,1,2,R,,,,
73993518,68046888,2,4,,,,5,55,M,1,2,R,,,,
73993519,68046889,1,1,,,,,,,,,,,,,
73993520,68046890,1,4,,,,5,76,M,1,2,R,,,,
73993521,68046891,1,4,,,,5,39,M,1,2,R,,,,
73993522,68046892,1,4,,,,5,58,M,1,2,R,,,,
73993523,68046893,1,4,,,,5,56,F,1,2,R,,,,
73993524,68046894,1,4,,,,5,54,M,1,2,R,,,,
73993525,68046894,2,4,,,,5,54,F,1,2,R,,,,
73993528,68046896,1,8,,,,,,,,,,,,,
73993529,68046897,1,4,,,,5,44,M,1,2,N,,,,
73993530,68046897,2,4,,,,5,40,F,1,2,R,,,,
73993531,68046897,3,1,,,,,,,,,,,,,
73993532,68046898,1,4,,,,5,52,M,1,2,R,,,,
73993533,68046899,1,4,,,,5,13,M,1,2,R,,,,
73993534,68046900,1,1,,,,,,,,,,,,,
73993535,68046901,1,4,,,,5,93,F,1,3,R,,,,
73993537,68046902,2,4,,,,5,45,M,1,2,R,,,,
73993536,68046902,1,4,,,,4,,F,1,2,R,,,,
73993538,68046903,1,4,,,,5,31,F,1,2,R,,,,
73993539,68046904,1,4,,,,5,27,F,1,2,R,,,,
73993540,68046905,1,1,,,,,,,,,,,,,
73993541,68046906,1,4,,,,5,19,F,1,2,R,,,,
73993542,68046906,2,4,,,,5,39,F,1,2,R,,,,
73993544,68046908,1,1,,,,,,,,,,,,,
73993545,68046909,1,1,,,,,,,,,,,,,
73993546,68046910,1,4,,,,5,22,M,1,2,R,,,,
73993547,68046911,1,8,,,,,,,,,,,,,
73993548,68046912,1,4,,,,5,61,F,1,2,N,,,,
73993550,68046913,2,8,,,,,,,,,,,,,
73993549,68046913,1,1,,,,,,,,,,,,,
73993551,68046914,1,4,,,,5,32,M,1,2,R,,,,
73993552,68046915,1,1,,,,,,,,,,,,,
73993553,68046916,1,4,,,,5,35,F,1,2,R,,,,
73993555,68046917,2,4,,,,5,56,F,1,2,R,,,,
73993554,68046917,1,4,,,,5,35,F,0,2,R,,,,
73993556,68046918,1,4,,,,5,29,F,1,2,R,,,,
73993557,68046919,1,4,,,,5,59,M,1,2,R,,,,
73993558,68046920,1,4,,,,5,32,M,1,2,R,,,,
73993559,68046920,2,4,,,,5,30,F,1,2,R,,,,
73993560,68046921,1,4,,,,5,15,M,1,2,R,,,,
73993561,68046922,1,4,,,,5,31,F,1,2,R,,,,
73993562,68046923,1,1,,,,,,,,,,,,,
73993563,68046924,1,4,,,,5,49,F,1,2,R,,,,
73993564,68046925,1,4,,,,4,,F,1,2,R,,,,
73993565,68046926,1,8,,,,,,,,,,,,,
73993566,68046927,1,1,,,,,,,,,,,,,
73994469,68046928,1,1,,,,,,,,,,,,,
73994470,68046929,1,8,,,,,,,,,,,,,
73994471,68046930,1,4,,,,5,49,F,1,2,R,,,,
73994472,68046931,1,4,,,,5,60,F,1,2,R,,,,
73994473,68046932,1,1,,,,,,,,,,,,,
73994474,68046933,1,4,,,,5,61,M,1,2,R,,,,
73994475,68046934,1,4,,,,5,19,F,1,2,R,,,,
73994476,68046934,2,4,,,,5,53,F,1,2,R,,,,
73994477,68046935,1,4,,,,5,63,M,1,2,R,,,,
73994478,68046936,1,4,,,,5,17,F,1,2,R,,,,
73994479,68046937,1,4,,,,5,28,F,1,2,R,,,,
73994481,68046939,1,4,,,,5,71,M,1,2,R,,,,
73994482,68046940,1,1,,,,,,,,,,,,,
73994483,68046941,1,4,,,,5,40,M,1,2,R,,,,
73994518,68047597,1,7,,,,,,,,,,,,,
73994511,68047590,1,4,,,,5,35,F,1,2,R,,,,
73994512,68047591,1,4,,,,4,,F,1,1,R,,,,
73994513,68047592,1,4,,,,5,24,M,1,2,R,,,,
73994514,68047593,1,4,,,,5,34,M,1,2,R,,,,
73994515,68047594,1,4,,,,5,33,F,1,2,R,,,,
73994516,68047595,1,1,,,,,,,,,,,,,
73994517,68047596,1,8,,,,,,,,,,,,,
73989100,68043065,1,4,,,,5,28,M,1,2,R,,,,
73989101,68043066,1,4,,,,5,46,M,1,2,R,,,,
73989102,68043067,1,4,,,,5,42,M,1,2,R,,,,
73989103,68043068,1,4,,,,5,60,M,1,2,R,,,,
73989104,68043069,1,4,,,,5,12,M,1,2,N,,,,
73989105,68043070,1,8,,,,,,,,,,,,,
73989106,68043071,1,4,,,,5,60,M,1,2,R,,,,
73989107,68043072,1,4,,,,5,56,F,1,2,R,,,,
73989108,68043073,1,4,,,,5,23,M,1,2,R,,,,
73989109,68043074,1,4,,,,5,36,M,1,2,R,,,,
73989110,68043075,1,4,,,,5,47,F,1,2,R,,,,
73989111,68043076,1,4,,,,5,51,F,1,2,R,,,,
73989112,68043077,1,4,,,,5,37,F,1,2,R,,,,
73989113,68043078,1,4,,,,5,49,M,1,2,R,,,,
73989114,68043079,1,4,,,,5,74,F,1,2,R,,,,
73989115,68043080,1,4,,,,5,50,M,1,2,R,,,,
73989116,68043081,1,4,,,,5,43,F,1,2,R,,,,
73989117,68043082,1,4,,,,5,50,M,1,2,R,,,,
73989244,68043987,1,4,,,,5,48,F,4,2,N,,,,
73989118,68043083,1,4,,,,5,33,M,1,2,R,,,,
73989119,68043084,1,4,,,,5,76,F,1,2,R,,,,
73989120,68043085,1,4,,,,5,45,M,1,2,R,,,,
73989165,68043126,1,4,,,,5,72,F,1,2,N,,,,
73989166,68043126,2,4,,,,5,87,M,1,2,R,,,,
73989167,68043126,3,4,,,,5,82,F,1,2,R,,,,
73989168,68043126,4,4,,,,5,59,F,1,2,R,,,,
73989173,68043131,1,1,,,,,,,,,,,,,
73989248,68043990,1,4,,,,5,48,F,1,2,R,,,,
73989121,68043086,1,8,,,,,,,,,,,,,
73989122,68043087,1,4,,,,5,27,M,0,3,N,,,,
73989123,68043088,1,4,,,,5,55,F,1,2,R,,,,
73989124,68043089,1,1,,,,,,,,,,,,,
73989125,68043090,1,1,,,,,,,,,,,,,
73989126,68043091,1,8,,,,,,,,,,,,,
73989127,68043092,1,4,,,,5,32,F,1,2,R,,,,
73989239,68043983,1,4,,,,5,81,F,1,2,R,,,,
73989240,68043983,2,4,,,,5,87,F,1,2,R,,,,
73989242,68043985,1,4,,,,5,14,M,1,1,R,,,,
73989128,68043093,1,4,,,,5,45,F,1,2,R,,,,
73989129,68043094,1,4,,,,5,82,M,1,2,R,,,,
73989130,68043095,1,4,,,,5,50,M,1,2,R,,,,
73989131,68043096,1,4,,,,5,55,F,1,2,R,,,,
73989132,68043097,1,1,,,,,,,,,,,,,
73989133,68043098,1,4,,,,5,52,M,1,2,R,,,,
73989134,68043099,1,4,,,,5,42,M,1,2,R,,,,
73989135,68043100,1,4,,,,5,87,M,1,2,R,,,,
73989137,68043102,1,8,,,,,,,,,,,,,
73989245,68043988,1,4,,,,5,37,M,1,2,R,,,,
73989246,68043989,1,4,,,,5,91,F,1,2,R,,,,
73989247,68043989,2,4,,,,5,90,M,1,2,R,,,,
73989228,68043972,1,1,,,,,,,,,,,,,
73989238,68043982,1,8,,,,,,,,,,,,,
73989136,68043101,1,4,,,,5,61,M,1,2,R,,,,
73989138,68043103,1,4,,,,5,68,F,1,2,R,,,,
73989139,68043104,1,4,,,,5,2,M,1,2,R,,,,
73989140,68043105,1,1,,,,,,,,,,,,,
73989141,68043106,1,1,,,,,,,,,,,,,
73989142,68043107,1,4,,,,5,63,F,4,2,R,,,,
73989144,68043109,1,1,,,,,,,,,,,,,
73989145,68043110,1,1,,,,,,,,,,,,,
73989146,68043111,1,4,,,,5,66,M,1,2,N,,,,
73989158,68043119,1,1,,,,,,,,,,,,,
73989160,68043121,1,2,,,,,,,,,,,,,
73989164,68043125,1,1,,,,,,,,,,,,,
73989143,68043108,1,1,,,,,,,,,,,,,
73989147,68043112,1,4,,,,5,29,M,1,2,N,,,,
73989148,68043113,1,4,,,,5,78,M,1,2,N,,,,
73989149,68043114,1,4,,,,5,31,M,2,2,R,,,,
73989150,68043115,1,4,,,,5,62,F,1,2,R,,,,
73989151,68043115,2,4,,,,5,66,M,1,2,R,,,,
73989152,68043115,3,4,,,,5,35,F,1,2,N,,,,
73989153,68043116,1,8,,,,,,,,,,,,,
73989154,68043117,1,1,,,,,,,,,,,,,
73989155,68043118,1,4,,,,5,32,M,1,2,R,,,,
73989156,68043118,2,4,,,,5,19,M,1,2,R,,,,
73989157,68043118,3,4,,,,5,57,F,1,2,R,,,,
73989159,68043120,1,4,,,,5,43,M,1,2,N,,,,
73989162,68043123,1,1,,,,,,,,,,,,,
73989163,68043124,1,1,,,,,,,,,,,,,
73989161,68043122,1,8,,,,,,,,,,,,,
73989169,68043127,1,1,,,,,,,,,,,,,
73989170,68043128,1,1,,,,,,,,,,,,,
73989171,68043129,1,4,,,,5,4,M,1,2,N,,,,
73989172,68043130,1,8,,,,,,,,,,,,,
73989174,68043132,1,1,,,,,,,,,,,,,
73989175,68043133,1,4,,,,5,41,M,1,2,N,,,,
73989176,68043134,1,4,,,,5,35,F,1,1,N,,,,
73989177,68043135,1,4,,,,5,59,M,1,2,N,,,,
73989178,68043136,1,1,,,,,,,,,,,,,
73989179,68043137,1,4,,,,5,50,M,1,2,N,,,,
73989180,68043138,1,4,,,,5,54,M,1,2,R,,,,
73989197,68043153,1,1,,,,,,,,,,,,,
73989208,68043163,1,1,,,,,,,,,,,,,
73989213,68043168,1,4,,,,5,26,F,1,2,R,,,,
73989214,68043169,1,2,,,,,,,,,,,,,
73989236,68043980,1,1,,,,,,,,,,,,,
73989237,68043981,1,4,,,,5,61,M,1,2,R,,,,
73989243,68043986,1,1,,,,,,,,,,,,,
73989181,68043139,1,4,,,,5,43,M,0,3,N,,,,
73989182,68043140,1,4,,,,5,30,M,1,2,N,,,,
73989183,68043141,1,4,,,,5,4,M,1,2,N,,,,
73989184,68043142,1,4,,,,5,23,M,1,2,R,,,,
73989185,68043143,1,4,,,,5,65,F,1,2,R,,,,
73989186,68043144,1,4,,,,5,43,F,1,2,R,,,,
73989187,68043144,2,4,,,,5,42,M,1,2,R,,,,
73989188,68043145,1,1,,,,,,,,,,,,,
73989189,68043146,1,8,,,,,,,,,,,,,
73989190,68043147,1,4,,,,5,32,F,1,2,R,,,,
73989192,68043149,1,4,,,,5,37,M,1,2,R,,,,
73989194,68043151,1,4,,,,5,65,M,1,2,R,,,,
73989195,68043151,2,4,,,,5,63,F,1,2,R,,,,
73989199,68043155,1,4,,,,5,22,M,1,2,R,,,,
73989200,68043155,2,4,,,,5,19,F,1,2,R,,,,
73989209,68043164,1,2,,,,,,,,,,,,,
73989210,68043165,1,4,,,,5,20,F,1,2,R,,,,
73989211,68043166,1,8,,,,,,,,,,,,,
73989212,68043167,1,4,,,,5,64,F,1,2,R,,,,
73989215,68043170,1,8,,,,,,,,,,,,,
73989216,68043960,1,1,,,,,,,,,,,,,
73989217,68043961,1,1,,,,,,,,,,,,,
73989218,68043962,1,1,,,,,,,,,,,,,
73989219,68043963,1,4,,,,5,46,M,1,2,R,,,,
73989220,68043964,1,1,,,,,,,,,,,,,
73989221,68043965,1,1,,,,,,,,,,,,,
73989222,68043966,1,8,,,,,,,,,,,,,
73989223,68043967,1,4,,,,5,23,M,1,2,R,,,,
73989224,68043968,1,1,,,,,,,,,,,,,
73989225,68043969,1,4,,,,5,31,M,1,2,R,,,,
73989226,68043970,1,4,,,,5,16,F,1,2,R,,,,
73989227,68043971,1,4,,,,5,44,M,4,2,R,,,,
73989229,68043973,1,4,,,,5,24,M,1,2,N,,,,
73989230,68043974,1,8,,,,,,,,,,,,,
73989231,68043975,1,1,,,,,,,,,,,,,
73989232,68043976,1,4,,,,5,91,M,1,2,R,,,,
73989233,68043977,1,1,,,,,,,,,,,,,
73989234,68043978,1,2,,,,,,,,,,,,,
73989235,68043979,1,4,,,,5,51,F,1,2,R,,,,
73989241,68043984,1,1,,,,,,,,,,,,,
73989191,68043148,1,4,,,,5,59,M,1,2,R,,,,
73989193,68043150,1,4,,,,5,50,F,1,2,R,,,,
73989196,68043152,1,4,,,,5,66,M,1,2,N,,,,
73989198,68043154,1,4,,,,5,33,F,1,2,N,,,,
73989201,68043156,1,4,,,,5,60,F,1,2,R,,,,
73989202,68043157,1,4,,,,5,46,F,1,2,R,,,,
73989203,68043158,1,4,,,,5,27,M,1,2,R,,,,
73989204,68043159,1,4,,,,5,44,F,1,2,R,,,,
73989205,68043160,1,8,,,,,,,,,,,,,
73989206,68043161,1,1,,,,,,,,,,,,,
73989207,68043162,1,1,,,,,,,,,,,,,
73989249,68043991,1,4,,,,5,20,F,1,2,R,,,,
73989250,68043992,1,4,,,,5,36,F,2,2,N,,,,
73989251,68043993,1,4,,,,5,42,M,1,2,R,,,,
73989252,68043994,1,4,,,,5,69,F,1,2,R,,,,
73989253,68043995,1,4,,,,5,19,M,1,2,N,,,,
73989254,68043996,1,4,,,,5,19,F,2,2,R,,,,
73990162,68043997,1,4,,,,5,42,F,1,2,R,,,,
73990163,68043998,1,1,,,,,,,,,,,,,
73990164,68043999,1,8,,,,,,,,,,,,,
73990165,68043999,2,3,,,,,,,,,,,,,
73990166,68044000,1,1,,,,,,,,,,,,,
73990167,68044001,1,8,,,,,,,,,,,,,
73990168,68044002,1,8,,,,,,,,,,,,,
73990169,68044003,1,1,,,,,,,,,,,,,
73990170,68044004,1,2,,,,,,,,,,,,,
73990171,68044005,1,1,,,,,,,,,,,,,
73990172,68044006,1,4,,,,5,44,F,1,2,R,,,,
73990173,68044007,1,4,,,,5,60,M,1,2,R,,,,
73990174,68044008,1,8,,,,,,,,,,,,,
73990175,68044009,1,4,,,,5,28,M,1,2,R,,,,
73990176,68044010,1,4,,,,5,33,F,1,2,R,,,,
73990177,68044011,1,4,,,,5,41,F,1,2,R,,,,
73990178,68044011,2,4,,,,5,43,M,1,2,R,,,,
73990179,68044012,1,4,,,,5,17,M,2,2,R,,,,
73990180,68044013,1,1,,,,,,,,,,,,,
73990181,68044014,1,4,,,,5,41,M,1,2,R,,,,
73990182,68044015,1,4,,,,5,21,F,1,2,R,,,,
73990183,68044016,1,4,,,,5,29,M,1,2,R,,,,
73990184,68044017,1,4,,,,5,18,F,1,2,R,,,,
73990185,68044018,1,4,,,,5,24,F,1,2,R,,,,
73990186,68044019,1,4,,,,5,32,F,1,2,R,,,,
73990187,68044020,1,4,,,,5,19,M,1,2,N,,,,
73990188,68044021,1,4,,,,5,16,M,2,2,R,,,,
73990189,68044022,1,8,,,,,,,,,,,,,
73990190,68044022,2,3,,,,,,,,,,,,,
73990223,68044053,1,1,,,,,,,,,,,,,
73990191,68044023,1,8,,,,,,,,,,,,,
73990192,68044024,1,4,,,,5,23,F,1,2,R,,,,
73990193,68044025,1,4,,,,5,30,F,1,2,R,,,,
73990194,68044026,1,4,,,,5,25,F,1,2,R,,,,
73990195,68044027,1,4,,,,5,26,F,2,2,R,,,,
73990196,68044028,1,8,,,,,,,,,,,,,
73990197,68044029,1,4,,,,5,54,M,1,2,R,,,,
73990198,68044030,1,1,,,,,,,,,,,,,
73990199,68044031,1,4,,,,5,57,M,1,2,R,,,,
73990200,68044032,1,1,,,,,,,,,,,,,
73990201,68044033,1,4,,,,5,34,F,1,2,N,,,,
73990202,68044034,1,8,,,,,,,,,,,,,
73990203,68044035,1,4,,,,5,54,F,1,2,N,,,,
73990204,68044036,1,4,,,,5,29,F,1,2,R,,,,
73990205,68044037,1,4,,,,5,44,M,1,2,R,,,,
73990206,68044038,1,4,,,,5,33,F,1,2,R,,,,
73990208,68044039,2,4,,,,5,20,M,1,1,R,,,,
73990207,68044039,1,4,,,,5,42,U,0,2,R,,,,
73990209,68044040,1,1,,,,,,,,,,,,,
73990215,68044046,1,8,,,,,,,,,,,,,
73990216,68044047,1,4,,,,5,14,M,1,2,R,,,,
73990217,68044047,2,4,,,,5,47,F,1,2,R,,,,
73990210,68044041,1,1,,,,,,,,,,,,,
73990211,68044042,1,8,,,,,,,,,,,,,
73990212,68044043,1,1,,,,,,,,,,,,,
73990213,68044044,1,4,,,,5,24,F,1,2,R,,,,
73990214,68044045,1,4,,,,5,25,F,1,2,R,,,,
73990218,68044048,1,1,,,,,,,,,,,,,
73990219,68044049,1,4,,,,5,87,M,1,2,R,,,,
73990220,68044050,1,4,,,,5,54,M,1,2,R,,,,
73990221,68044051,1,7,,,,,,,,,,,,,
73990222,68044052,1,4,,,,5,21,M,1,2,R,,,,
73990224,68044054,1,4,,,,5,23,F,1,2,R,,,,
73990225,68044055,1,4,,,,5,50,F,1,3,N,,,,
73990230,68044059,1,1,,,,,,,,,,,,,
73990226,68044056,1,1,,,,,,,,,,,,,
73990227,68044057,1,1,,,,,,,,,,,,,
73990234,68044063,1,1,,,,,,,,,,,,,
73990229,68044058,2,8,,,,,,,,,,,,,
73990228,68044058,1,1,,,,,,,,,,,,,
73990231,68044060,1,1,,,,,,,,,,,,,
73990232,68044061,1,1,,,,,,,,,,,,,
73990233,68044062,1,1,,,,,,,,,,,,,
73990235,68044064,1,4,,,,5,35,M,1,2,R,,,,
73990236,68044065,1,1,,,,,,,,,,,,,
73990237,68044066,1,4,,,,5,63,M,1,2,N,,,,
73990238,68044067,1,1,,,,,,,,,,,,,
73990239,68044068,1,4,,,,5,33,F,1,2,R,,,,
73990240,68044069,1,1,,,,,,,,,,,,,
73990241,68044070,1,1,,,,,,,,,,,,,
73990278,68044105,1,4,,,,5,78,F,1,2,N,,,,
73990242,68044071,1,1,,,,,,,,,,,,,
73990243,68044072,1,1,,,,,,,,,,,,,
73990244,68044073,1,1,,,,,,,,,,,,,
73990276,68044103,1,1,,,,,,,,,,,,,
73990245,68044074,1,4,,,,5,20,M,1,2,R,,,,
73990246,68044075,1,4,,,,5,43,F,1,3,R,,,,
73990247,68044076,1,4,,,,5,68,M,1,2,R,,,,
73990248,68044077,1,1,,,,,,,,,,,,,
73990249,68044078,1,1,,,,,,,,,,,,,
73990250,68044079,1,4,,,,5,31,M,1,2,R,,,,
73990251,68044080,1,4,,,,5,56,F,1,2,N,,,,
73990257,68044085,1,4,,,,5,32,M,1,3,R,,,,
73990272,68044099,1,1,,,,,,,,,,,,,
73990273,68044100,1,1,,,,,,,,,,,,,
73990279,68044106,1,1,,,,,,,,,,,,,
73990252,68044081,1,1,,,,,,,,,,,,,
73990253,68044082,1,4,,,,5,4,F,1,2,R,,,,
73990254,68044082,2,4,,,,5,3,M,1,2,R,,,,
73990255,68044083,1,8,,,,,,,,,,,,,
73990256,68044084,1,4,,,,5,47,M,1,2,R,,,,
73990258,68044086,1,1,,,,,,,,,,,,,
73990259,68044087,1,4,,,,5,53,M,1,2,R,,,,
73990260,68044088,1,1,,,,,,,,,,,,,
73990261,68044089,1,9,,,,,,,,,,,,,
73990262,68044090,1,1,,,,,,,,,,,,,
73990263,68044091,1,1,,,,,,,,,,,,,
73990264,68044092,1,1,,,,,,,,,,,,,
73990265,68044093,1,4,,,,5,15,M,1,2,N,,,,
73990267,68044094,2,8,,,,,,,,,,,,,
73990266,68044094,1,1,,,,,,,,,,,,,
73990268,68044095,1,1,,,,,,,,,,,,,
73990269,68044096,1,1,,,,,,,,,,,,,
73990270,68044097,1,1,,,,,,,,,,,,,
73990271,68044098,1,1,,,,,,,,,,,,,
73990274,68044101,1,4,,,,5,46,M,1,3,R,,,,
73990275,68044102,1,1,,,,,,,,,,,,,
73990277,68044104,1,4,,,,5,62,M,1,3,R,,,,
73990280,68044107,1,4,,,,5,6,F,1,2,N,,,,
73990281,68044107,2,4,,,,5,16,F,1,2,N,,,,
73990286,68044112,1,4,,,,5,31,M,1,2,N,,,,
73990287,68044113,1,4,,,,5,46,M,2,2,R,,,,
73990288,68044114,1,4,,,,5,25,F,1,2,R,,,,
73990290,68044115,2,4,,,,5,29,M,1,2,N,,,,
73990289,68044115,1,4,,,,5,26,F,2,2,R,,,,
73990291,68044116,1,4,,,,5,34,M,1,2,R,,,,
73990282,68044108,1,4,,,,5,58,M,1,2,R,,,,
73990283,68044109,1,4,,,,5,12,F,1,2,R,,,,
73990284,68044110,1,1,,,,,,,,,,,,,
73990285,68044111,1,4,,,,5,85,F,1,2,R,,,,
73990292,68044896,1,4,,,,5,20,M,2,2,R,,,,
73990293,68044897,1,8,,,,,,,,,,,,,
73990294,68044898,1,4,,,,5,34,F,1,1,R,,,,
73990295,68044899,1,4,,,,5,26,M,1,2,R,,,,
73990296,68044900,1,4,,,,5,20,F,1,2,R,,,,
73990297,68044901,1,4,,,,5,46,M,1,2,R,,,,
73990298,68044902,1,8,,,,,,,,,,,,,
73990299,68044903,1,4,,,,5,54,M,1,2,R,,,,
73990300,68044904,1,4,,,,5,31,F,2,2,N,,,,
73990301,68044905,1,8,,,,,,,,,,,,,
73990302,68044906,1,4,,,,5,28,M,1,2,N,,,,
73990303,68044907,1,4,,,,5,39,F,4,2,N,,,,
73990304,68044908,1,4,,,,5,68,M,1,2,R,,,,
73990305,68044909,1,4,,,,5,28,M,1,2,R,,,,
73990307,68044910,2,8,,,,,,,,,,,,,
73990306,68044910,1,4,,,,5,35,F,1,2,R,,,,
73990308,68044911,1,1,,,,,,,,,,,,,
73990309,68044912,1,4,,,,5,89,F,1,2,R,,,,
73990310,68044913,1,1,,,,,,,,,,,,,
73990311,68044914,1,4,,,,5,63,F,1,2,R,,,,
73990312,68044914,2,4,,,,5,66,M,1,2,R,,,,
73990313,68044915,1,4,,,,5,23,F,1,2,N,,,,
73990314,68044915,2,1,,,,,,,,,,,,,
73990315,68044916,1,4,,,,5,27,M,1,2,R,,,,
73990316,68044917,1,4,,,,5,67,M,1,2,N,,,,
73990317,68044918,1,4,,,,5,43,M,1,2,R,,,,
73994561,68047639,1,1,,,,,,,,,,,,,
73994562,68047640,1,4,,,,5,45,F,1,2,U,,,,
73994563,68047641,1,4,,,,5,30,F,1,2,R,,,,
73994564,68047641,2,4,,,,5,13,M,1,2,R,,,,
73994519,68047598,1,8,,,,,,,,,,,,,
73994520,68047599,1,4,,,,5,24,F,2,2,R,,,,
73994521,68047600,1,1,,,,,,,,,,,,,
73994522,68047601,1,4,,,,5,21,F,2,2,R,,,,
73994523,68047602,1,8,,,,,,,,,,,,,
73994524,68047603,1,4,,,,5,74,M,1,2,R,,,,
73994525,68047604,1,1,,,,,,,,,,,,,
73994526,68047605,1,4,,,,5,56,F,1,2,R,,,,
73994527,68047606,1,1,,,,,,,,,,,,,
73994528,68047607,1,4,,,,5,52,F,1,2,R,,,,
73994529,68047608,1,4,,,,5,29,M,2,2,R,,,,
73994530,68047609,1,4,,,,5,26,F,1,2,R,,,,
73994531,68047610,1,1,,,,,,,,,,,,,
73994532,68047611,1,4,,,,5,25,M,1,2,R,,,,
73994533,68047612,1,1,,,,,,,,,,,,,
73994534,68047613,1,1,,,,,,,,,,,,,
73994535,68047614,1,4,,,,4,,F,1,2,R,,,,
73994536,68047614,2,4,,,,5,38,M,1,2,R,,,,
73994537,68047615,1,4,,,,5,42,F,1,2,R,,,,
73994538,68047616,1,4,,,,5,53,F,1,2,N,,,,
73994539,68047617,1,8,,,,,,,,,,,,,
73994540,68047618,1,4,,,,5,87,F,1,2,R,,,,
73994541,68047619,1,4,,,,5,46,F,2,2,R,,,,
73994542,68047620,1,4,,,,5,64,M,1,2,R,,,,
73994543,68047621,1,4,,,,5,34,F,2,2,R,,,,
73994544,68047622,1,1,,,,,,,,,,,,,
73994545,68047623,1,4,,,,5,64,M,1,2,R,,,,
73994546,68047624,1,1,,,,,,,,,,,,,
73994547,68047625,1,4,,,,5,59,M,1,2,R,,,,
73994548,68047626,1,4,,,,5,35,F,2,2,R,,,,
73994549,68047627,1,4,,,,5,34,F,1,2,R,,,,
73994550,68047628,1,4,,,,5,33,M,1,2,R,,,,
73994551,68047629,1,4,,,,5,65,M,2,2,R,,,,
73994552,68047630,1,4,,,,5,23,M,2,2,N,,,,
73994553,68047631,1,4,,,,5,33,F,2,2,R,,,,
73994554,68047632,1,4,,,,5,37,F,1,2,R,,,,
73994555,68047633,1,1,,,,,,,,,,,,,
73994556,68047634,1,1,,,,,,,,,,,,,
73994557,68047635,1,4,,,,5,30,M,1,2,R,,,,
73994558,68047636,1,4,,,,5,23,F,2,2,R,,,,
73994559,68047637,1,4,,,,5,26,M,2,2,R,,,,
73994560,68047638,1,4,,,,5,30,M,2,2,R,,,,
73990318,68044919,1,8,,,,,,,,,,,,,
73990319,68044920,1,4,,,,5,7,M,0,2,R,,,,
73990320,68044921,1,4,,,,5,25,M,1,2,R,,,,
73990321,68044921,2,4,,,,5,25,F,1,2,R,,,,
73990322,68044922,1,4,,,,5,32,F,1,2,R,,,,
73990323,68044923,1,8,,,,,,,,,,,,,
73990324,68044924,1,4,,,,5,40,F,2,2,R,,,,
73990325,68044925,1,4,,,,5,57,M,4,2,R,,,,
73990326,68044926,1,4,,,,5,37,F,2,2,R,,,,
73990327,68044927,1,4,,,,4,,U,0,3,R,,,,
73990328,68044928,1,4,,,,5,33,F,1,2,R,,,,
73990329,68044929,1,4,,,,5,24,F,2,2,R,,,,
73990330,68044930,1,4,,,,5,41,F,1,2,R,,,,
73990331,68044931,1,4,,,,5,54,F,2,2,R,,,,
73990332,68044932,1,8,,,,,,,,,,,,,
73990333,68044933,1,4,,,,5,50,M,1,2,R,,,,
73990334,68044934,1,8,,,,,,,,,,,,,
73990335,68044935,1,4,,,,5,25,F,1,2,R,,,,
73990337,68044935,3,4,,,,5,34,F,1,2,R,,,,
73990339,68044935,5,4,,,,5,52,M,1,2,R,,,,
73991244,68044935,8,4,,,,5,49,F,1,2,N,,,,
73991245,68044935,9,4,,,,5,35,F,1,2,R,,,,
73990336,68044935,2,4,,,,5,37,F,2,2,R,,,,
73990338,68044935,4,4,,,,5,33,F,2,2,R,,,,
73990340,68044935,6,4,,,,5,54,F,2,2,N,,,,
73990341,68044935,7,4,,,,5,37,F,2,2,R,,,,
73991246,68044936,1,4,,,,5,20,F,2,2,R,,,,
73991247,68044936,2,4,,,,5,38,M,2,2,R,,,,
73991248,68044937,1,4,,,,4,,F,0,3,N,,,,
73991249,68044938,1,4,,,,5,9,F,2,2,R,,,,
73991250,68044939,1,4,,,,5,44,M,1,2,R,,,,
73991251,68044940,1,4,,,,5,24,M,2,2,R,,,,
73991252,68044940,2,4,,,,5,22,F,2,2,R,,,,
73991254,68044941,2,8,,,,,,,,,,,,,
73991253,68044941,1,4,,,,5,37,F,1,2,R,,,,
73991255,68044942,1,4,,,,5,33,F,1,2,R,,,,
73991256,68044943,1,8,,,,,,,,,,,,,
73988143,68043022,1,1,,,,,,,,,,,,,
73988144,68043023,1,2,,,,,,,,,,,,,
73988153,68043029,1,8,,,,,,,,,,,,,
73988145,68043024,1,4,,,,5,73,F,1,2,R,,,,
73988146,68043025,1,4,,,,4,,F,1,2,R,,,,
73988147,68043026,1,4,,,,5,40,F,1,2,R,,,,
73988148,68043026,2,4,,,,5,48,M,1,2,R,,,,
73988162,68043038,1,4,,,,4,,F,1,2,R,,,,
73988149,68043027,1,4,,,,5,55,M,1,2,R,,,,
73988150,68043027,2,4,,,,5,32,F,1,2,R,,,,
73988151,68043027,3,4,,,,5,53,F,1,2,R,,,,
73988152,68043028,1,8,,,,,,,,,,,,,
73988154,68043030,1,4,,,,5,73,F,1,2,R,,,,
73988155,68043031,1,8,,,,,,,,,,,,,
73988156,68043032,1,8,,,,,,,,,,,,,
73988157,68043033,1,8,,,,,,,,,,,,,
73988158,68043034,1,4,,,,5,45,M,1,2,R,,,,
73988159,68043035,1,4,,,,5,42,M,1,2,R,,,,
73988160,68043036,1,4,,,,5,46,M,1,2,R,,,,
73988161,68043037,1,8,,,,,,,,,,,,,
73988163,68043039,1,4,,,,5,35,F,1,2,R,,,,
73988164,68043040,1,8,,,,,,,,,,,,,
73989074,68043041,1,4,,,,5,33,F,1,2,R,,,,
73989075,68043042,1,4,,,,5,85,F,1,2,R,,,,
73989076,68043043,1,8,,,,,,,,,,,,,
73989077,68043044,1,4,,,,5,38,F,1,2,R,,,,
73989078,68043045,1,4,,,,5,38,F,1,2,R,,,,
73989079,68043045,2,4,,,,5,45,M,1,2,R,,,,
73989081,68043047,1,4,,,,5,45,M,1,2,R,,,,
73989082,68043047,2,1,,,,,,,,,,,,,
73989083,68043048,1,4,,,,5,34,M,1,2,R,,,,
73989084,68043049,1,4,,,,5,58,M,1,2,R,,,,
73989080,68043046,1,4,,,,5,64,M,1,2,R,,,,
73989085,68043050,1,4,,,,5,43,F,1,2,R,,,,
73989086,68043051,1,5,2,6,,5,24,M,1,2,R,,,,
73989087,68043052,1,4,,,,5,16,M,1,2,N,,,,
73989088,68043053,1,4,,,,5,17,U,0,2,R,,,,
73989089,68043054,1,4,,,,5,29,M,2,2,R,,,,
73989090,68043055,1,4,,,,5,40,F,1,2,R,,,,
73989091,68043056,1,4,,,,5,54,M,1,2,R,,,,
73989092,68043057,1,4,,,,5,17,F,1,2,R,,,,
73989093,68043058,1,4,,,,5,42,M,1,2,R,,,,
73989094,68043059,1,4,,,,5,42,M,1,2,R,,,,
73989095,68043060,1,8,,,,,,,,,,,,,
73989096,68043061,1,4,,,,4,,M,1,2,R,,,,
73989097,68043062,1,8,,,,,,,,,,,,,
73989098,68043063,1,6,,,,,,,,,,,,,
73989099,68043064,1,8,,,,,,,,,,,,,
